date_time,declination,distance
2022-01-01 01:00,-23.72596309746764,0.002357671319458801
2022-01-01 02:00,-23.829303135628514,0.0023589036643661904
2022-01-01 03:00,-23.910413216377048,0.0023619280068019172
2022-01-01 04:00,-23.971646745645536,0.002366514298411832
2022-01-01 05:00,-24.016502611829473,0.002372335627197788
2022-01-01 06:00,-24.04933372437205,0.002378991005356493
2022-01-01 07:00,-24.075006760054254,0.0023860324666087353
2022-01-01 08:00,-24.0985518163645,0.0023929942961858196
2022-01-01 09:00,-24.124833945606987,0.0023994222922654245
2022-01-01 10:00,-24.158268012785776,0.0024049012193494736
2022-01-01 11:00,-24.202587303995184,0.0024090789759795574
2022-01-01 12:00,-24.260667355056643,0.0024116863825321437
2022-01-01 13:00,-24.33440091466481,0.0024125518437056034
2022-01-01 14:00,-24.424618019848793,0.0024116104268755985
2022-01-01 15:00,-24.531046277092702,0.0024089071194400317
2022-01-01 16:00,-24.652309615047887,0.0024045942022232407
2022-01-01 17:00,-24.78596782329497,0.002398922829729776
2022-01-01 18:00,-24.928602864569932,0.002392229073134273
2022-01-01 19:00,-25.075959974686384,0.00238491488678496
2022-01-01 20:00,-25.223150752372923,0.0023774247219010697
2022-01-01 21:00,-25.364920895985723,0.0023702188328669355
2022-01-01 22:00,-25.49597674497794,0.002363744679091873
2022-01-01 23:00,-25.611353205953474,0.00235840816934309
2022-01-02 00:00,-25.706793212609718,0.0023545467536502497
2022-01-02 01:00,-25.779098946307,0.002352406459297624
2022-01-02 02:00,-25.826411268055296,0.0023521248243352595
2022-01-02 03:00,-25.84837874134372,0.002353721275429136
2022-01-02 04:00,-25.846191422654357,0.0023570958553220654
2022-01-02 05:00,-25.822474515670834,0.0023620364161367345
2022-01-02 06:00,-25.781058083318207,0.0023682335862418367
2022-01-02 07:00,-25.726655925576935,0.0023753021236837734
2022-01-02 08:00,-25.6644956462122,0.0023828067903843638
2022-01-02 09:00,-25.599941794954287,0.0023902906646833385
2022-01-02 10:00,-25.538146453202344,0.002397303841556558
2022-01-02 11:00,-25.483750057685597,0.0024034306908303914
2022-01-02 12:00,-25.440643204590394,0.0024083141739950553
2022-01-02 13:00,-25.41179038245351,0.0024116760831392136
2022-01-02 14:00,-25.39911047404165,0.0024133324040987647
2022-01-02 15:00,-25.403406656203433,0.002413203289337338
2022-01-02 16:00,-25.424339376836787,0.002411317348579376
2022-01-02 17:00,-25.46043931905696,0.002407810140223096
2022-01-02 18:00,-25.509161420735822,0.002402916899686186
2022-01-02 19:00,-25.56698481084298,0.0023969597025801175
2022-01-02 20:00,-25.62956567746665,0.0023903294597415487
2022-01-02 21:00,-25.691949425905637,0.0023834633975839854
2022-01-02 22:00,-25.74884415782153,0.0023768189948856085
2022-01-02 23:00,-25.79494930215384,0.0023708457071142065
2022-01-03 00:00,-25.825322017369135,0.0023659561663720574
2022-01-03 01:00,-25.835751933671354,0.0023624988296837165
2022-01-03 02:00,-25.82310519523775,0.002360734179297062
2022-01-03 03:00,-25.7855951645891,0.0023608164836559646
2022-01-03 04:00,-25.72294210123718,0.002362782768902828
2022-01-03 05:00,-25.636397825973344,0.0023665500461100583
2022-01-03 06:00,-25.528631161128075,0.0023719210668925773
2022-01-03 07:00,-25.4034909209779,0.0023785980629292165
2022-01-03 08:00,-25.265680071855996,0.002386203198567007
2022-01-03 09:00,-25.120383543102665,0.0023943039401229673
2022-01-03 10:00,-24.972891944551197,0.002402441277851538
2022-01-03 11:00,-24.82825577238988,0.002410158723152953
2022-01-03 12:00,-24.69099289738042,0.0024170301919055914
2022-01-03 13:00,-24.564859839868202,0.002422685196924221
2022-01-03 14:00,-24.452687319840898,0.0024268301301180596
2022-01-03 15:00,-24.356274276357663,0.0024292647570175485
2022-01-03 16:00,-24.27633218475258,0.002429893337771119
2022-01-03 17:00,-24.212472406524515,0.0024287300199930997
2022-01-03 18:00,-24.163232385409973,0.0024258983310508214
2022-01-03 19:00,-24.126140500345702,0.00242162475515443
2022-01-03 20:00,-24.097823040828587,0.002416226544992636
2022-01-03 21:00,-24.074158874307496,0.002410094118944245
2022-01-03 22:00,-24.050486850504765,0.00240366865559651
2022-01-03 23:00,-24.021867065610156,0.002397415824241312
2022-01-04 00:00,-23.98338964232782,0.0023917969670541367
2022-01-04 01:00,-23.93051450042885,0.0023872394318460773
2022-01-04 02:00,-23.85941472339772,0.002384108073157731
2022-01-04 03:00,-23.767287592542658,0.0023826801088070266
2022-01-04 04:00,-23.652594436790405,0.002383125458354513
2022-01-04 05:00,-23.515195413834572,0.0023854943539617333
2022-01-04 06:00,-23.356358331520894,0.00238971341206791
2022-01-04 07:00,-23.178639097223734,0.002395590561660563
2022-01-04 08:00,-22.98565079454626,0.0024028283674768897
2022-01-04 09:00,-22.78175376922747,0.0024110445078928335
2022-01-04 10:00,-22.571706929308338,0.0024197975885881
2022-01-04 11:00,-22.36031977556049,0.0024286161615613296
2022-01-04 12:00,-22.152137087980005,0.0024370287774203377
2022-01-04 13:00,-21.95117687780435,0.002444593075904395
2022-01-04 14:00,-21.760730572215294,0.0024509222346971566
2022-01-04 15:00,-21.583225007341845,0.002455707466370805
2022-01-04 16:00,-21.420139971472434,0.002458735611539177
2022-01-04 17:00,-21.271972893708842,0.0024599011836913915
2022-01-04 18:00,-21.13824314323653,0.002459212465864408
2022-01-04 19:00,-21.01753122321051,0.0024567914518154018
2022-01-04 20:00,-20.907551731626203,0.002452867590231941
2022-01-04 21:00,-20.805262169061812,0.0024477654626507447
2022-01-04 22:00,-20.70701143921919,0.0024418867369171856
2022-01-04 23:00,-20.60873130887806,0.0024356870130123427
2022-01-05 00:00,-20.506170576936274,0.0024296485254087273
2022-01-05 01:00,-20.395165223052445,0.0024242500697171
2022-01-05 02:00,-20.271929198903724,0.0024199359349467986
2022-01-05 03:00,-20.133341620125368,0.002417085971418134
2022-01-05 04:00,-19.977199547868548,0.0024159891146024216
2022-01-05 05:00,-19.802404023730443,0.0024168226309911143
2022-01-05 06:00,-19.609052311574928,0.0024196390006941933
2022-01-05 07:00,-19.398421232720036,0.002424361712845383
2022-01-05 08:00,-19.172842633854255,0.00243079040416844
2022-01-05 09:00,-18.935488371642585,0.002438614854391928
2022-01-05 10:00,-18.69009454860234,0.002447436520280961
2022-01-05 11:00,-18.440660296483276,0.0024567956738068336
2022-01-05 12:00,-18.191154668541284,0.0024662018815956293
2022-01-05 13:00,-17.94525781523937,0.0024751655240458983
2022-01-05 14:00,-17.70615244277973,0.0024832282469483247
2022-01-05 15:00,-17.47637150237261,0.0024899905783160913
2022-01-05 16:00,-17.257700230006396,0.002495135338551468
2022-01-05 17:00,-17.051126015819552,0.0024984458524137873
2022-01-05 18:00,-16.856828090181875,0.0024998182954274716
2022-01-05 19:00,-16.674199986496856,0.002499267763918783
2022-01-05 20:00,-16.50190020391703,0.0024969278592775657
2022-01-05 21:00,-16.3379294276679,0.0024930437515731135
2022-01-05 22:00,-16.179735122239357,0.0024879588710553604
2022-01-05 23:00,-16.024345468150223,0.0024820956034642527
2022-01-06 00:00,-15.868533821617241,0.0024759306624089618
2022-01-06 01:00,-15.70901179564736,0.0024699661870686775
2022-01-06 02:00,-15.542643844787902,0.002464698046606113
2022-01-06 03:00,-15.366669720348847,0.002460583271830387
2022-01-06 04:00,-15.178914924983108,0.002458008896063313
2022-01-06 05:00,-14.977965388867956,0.0024572646707638557
2022-01-06 06:00,-14.763282953739404,0.0024585220348980266
2022-01-06 07:00,-14.535243885422107,0.00246182130993587
2022-01-06 08:00,-14.295092952763563,0.0024670683826244384
2022-01-06 09:00,-14.044818356955581,0.002474041219637038
2022-01-06 10:00,-13.786964728860953,0.0024824055833936425
2022-01-06 11:00,-13.524409490646098,0.0024917384539411857
2022-01-06 12:00,-13.26013038060276,0.002501557042718738
2022-01-06 13:00,-12.996988971014858,0.002511350978358008
2022-01-06 14:00,-12.73754820893048,0.002520615244471182
2022-01-06 15:00,-12.48393372604909,0.0025288816870227687
2022-01-06 16:00,-12.237741059804979,0.002535747287474025
2022-01-06 17:00,-11.99998540283065,0.0025408978223884398
2022-01-06 18:00,-11.771087544632577,0.0025441259290052646
2022-01-06 19:00,-11.550889051473082,0.0025453429303825496
2022-01-06 20:00,-11.338690791958069,0.002544584035424625
2022-01-06 21:00,-11.13331085560705,0.0025420067351596873
2022-01-06 22:00,-10.933159959197052,0.0025378823991591905
2022-01-06 23:00,-10.736333930809428,0.0025325812735645338
2022-01-07 00:00,-10.540723288521916,0.002526551331126622
2022-01-07 01:00,-10.34413896239788,0.0025202917488534706
2022-01-07 02:00,-10.144450785773914,0.002514322194011218
2022-01-07 03:00,-9.939731825078725,0.002509149557744881
2022-01-07 04:00,-9.728397699132145,0.0025052342258071697
2022-01-07 05:00,-9.509326931983434,0.0025029583249534452
2022-01-07 06:00,-9.281947397237012,0.0025025985248302986
2022-01-07 07:00,-9.046276035734639,0.002504305817753223
2022-01-07 08:00,-8.802904433111044,0.0025080942021351673
2022-01-07 09:00,-8.552930606874794,0.002513839395271459
2022-01-07 10:00,-8.297845627919546,0.0025212877123287434
2022-01-07 11:00,-8.039390338606049,0.002530074238230147
2022-01-07 12:00,-7.779400781104311,0.0025397485606247
2022-01-07 13:00,-7.519660459387809,0.0025498057544179322
2022-01-07 14:00,-7.261773857818588,0.0025597200651303817
2022-01-07 15:00,-7.007070154620952,0.0025689788048326692
2022-01-07 16:00,-6.756540400170746,0.0025771142690537846
2022-01-07 17:00,-6.510806819105655,0.0025837319014491286
2022-01-07 18:00,-6.2701199661917295,0.002588533379104785
2022-01-07 19:00,-6.034378251644166,0.002591333697333649
2022-01-07 20:00,-5.803164484222156,0.002592071665821699
2022-01-07 21:00,-5.575795017432974,0.0025908134867808057
2022-01-07 22:00,-5.3513782795773945,0.0025877492925687642
2022-01-07 23:00,-5.128880471522582,0.0025831827109209847
2022-01-08 00:00,-4.907196709044812,0.002577513740808651
2022-01-08 01:00,-4.685225702935305,0.0025712154963685456
2022-01-08 02:00,-4.461945210721579,0.0025648057313172406
2022-01-08 03:00,-4.236484152782524,0.0025588144881164457
2022-01-08 04:00,-4.008185858817407,0.0025537496882675993
2022-01-08 05:00,-3.7766559546863685,0.002550062919777688
2022-01-08 06:00,-3.541788505594729,0.0025481179840083027
2022-01-08 07:00,-3.303765615532136,0.0025481648288621975
2022-01-08 08:00,-3.0630287626600525,0.0025503212365735003
2022-01-08 09:00,-2.8202242182153254,0.002554564030815248
2022-01-08 10:00,-2.57612900434021,0.002560730679516407
2022-01-08 11:00,-2.331566906919459,0.0025685311330453722
2022-01-08 12:00,-2.0873252593865033,0.002577568730587785
2022-01-08 13:00,-1.8440823210645763,0.0025873681997934696
2022-01-08 14:00,-1.6023524991960394,0.0025974082787123065
2022-01-08 15:00,-1.3624532450150084,0.0026071563362011474
2022-01-08 16:00,-1.124494107237799,0.0026161025125471
2022-01-08 17:00,-0.8883858337672279,0.002623791252322408
2022-01-08 18:00,-0.6538658761525591,0.0026298485490577716
2022-01-08 19:00,-0.4205361118804216,0.002634003674537626
2022-01-08 20:00,-0.1879087673072511,0.0026361045648338323
2022-01-08 21:00,0.04454297288231721,0.002636126356699414
2022-01-08 22:00,0.27733267939436085,0.0026341728180179443
2022-01-08 23:00,0.5109094502075645,0.0026304706220368376
2022-01-09 00:00,0.7456105282364267,0.002625356615565869
2022-01-09 01:00,0.9816208918219667,0.0026192584661447003
2022-01-09 02:00,1.2189433969676355,0.002612669374429686
2022-01-09 03:00,1.457383327438451,0.00260611791967751
2022-01-09 04:00,1.6965509621755206,0.0026001345551544277
2022-01-09 05:00,1.9358846827833156,0.002595216737909534
2022-01-09 06:00,2.1746950668172853,0.0025917950812318993
2022-01-09 07:00,2.4122274962250954,0.0025902031526815043
2022-01-09 08:00,2.6477375688122153,0.0025906535034022344
2022-01-09 09:00,2.8805708314631486,0.002593222140393629
2022-01-09 10:00,3.110236896202825,0.0025978429463271308
2022-01-09 11:00,3.336468405690213,0.002604312597469287
2022-01-09 12:00,3.5592575911518445,0.0026123054830052175
2022-01-09 13:00,3.778866734795081,0.002621397168642558
2022-01-09 14:00,3.995812759222433,0.0026310942287010954
2022-01-09 15:00,4.210829460536586,0.002640867882117019
2022-01-09 16:00,4.424812942053407,0.0026501888150604717
2022-01-09 17:00,4.638756432513567,0.0026585607932222933
2022-01-09 18:00,4.853680148419885,0.002665551059302815
2022-01-09 19:00,5.070560687063139,0.0026708159712042464
2022-01-09 20:00,5.29026315017449,0.0026741207812492223
2022-01-09 21:00,5.513478221124315,0.0026753528379048395
2022-01-09 22:00,5.740665994533047,0.0026745277949143287
2022-01-09 23:00,5.9720085451366725,0.002671788651900615
2022-01-10 00:00,6.207373916043262,0.0026673976565879773
2022-01-10 01:00,6.4462951553360455,0.002661721310903548
2022-01-10 02:00,6.687968859252524,0.0026552089788574535
2022-01-10 03:00,6.931277925364099,0.002648365919219393
2022-01-10 04:00,7.174842397151493,0.00264172196665692
2022-01-10 05:00,7.417100032193875,0.0026357975359798044
2022-01-10 06:00,7.656414492364982,0.0026310690671202002
2022-01-10 07:00,7.891204261058652,0.0026279363735036694
2022-01-10 08:00,8.120080501521727,0.002626694499411834
2022-01-10 09:00,8.341978418522023,0.002627512542584223
2022-01-10 10:00,8.556265572963795,0.002630421413923761
2022-01-10 11:00,8.762812761952462,0.0026353117175395456
2022-01-10 12:00,8.962018286854859,0.0026419419499207225
2022-01-10 13:00,9.154783469702584,0.002649956199475744
2022-01-10 14:00,9.342444344758723,0.002658909648992147
2022-01-10 15:00,9.526669835613381,0.0026682995764852765
2022-01-10 16:00,9.709339398082955,0.002677599274986713
2022-01-10 17:00,9.892412969594574,0.0026862923518214308
2022-01-10 18:00,10.077803809909875,0.0026939051468903717
2022-01-10 19:00,10.267261537260513,0.0027000354252807095
2022-01-10 20:00,10.462269429322399,0.0027043759551011984
2022-01-10 21:00,10.663957645019927,0.002706732005834532
2022-01-10 22:00,10.873032811825226,0.002707032158821598
2022-01-10 23:00,11.089724439144783,0.002705332104681682
2022-01-11 00:00,11.31374961955961,0.0027018113314357527
2022-01-11 01:00,11.544299038114637,0.0026967628149229127
2022-01-11 02:00,11.780048863617358,0.0026905760476285795
2022-01-11 03:00,12.019203993412901,0.0026837140159896903
2022-01-11 04:00,12.259577686775248,0.002676685079330334
2022-01-11 05:00,12.498710299332048,0.0026700111109740614
2022-01-11 06:00,12.734025397738883,0.0026641936997325055
2022-01-11 07:00,12.96301534906605,0.002659680610482324
2022-01-11 08:00,13.183441630023097,0.002656834973886314
2022-01-11 09:00,13.393529308951765,0.0026559097200739143
2022-01-11 10:00,13.592132341189284,0.0026570295159135354
2022-01-11 11:00,13.778847910202428,0.002660181891789263
2022-01-11 12:00,13.954064287904462,0.0026652184061490857
2022-01-11 13:00,14.11893634821064,0.002671865718085107
2022-01-11 14:00,14.275293569651376,0.0026797454823371787
2022-01-11 15:00,14.425494428300185,0.0026884012037079914
2022-01-11 16:00,14.572246505193126,0.002697329696236671
2022-01-11 17:00,14.718412702543263,0.002706014621405294
2022-01-11 18:00,14.866821302895302,0.0027139596937323174
2022-01-11 19:00,15.020092706648052,0.002720719458792427
2022-01-11 20:00,15.180490253670563,0.002725925969719908
2022-01-11 21:00,15.349797965123997,0.002729310126838422
2022-01-11 22:00,15.529225141679374,0.002730716842394379
2022-01-11 23:00,15.719336746538348,0.0027301135220211656
2022-01-12 00:00,15.920009154127456,0.0027275916186067658
2022-01-12 01:00,16.130412629421205,0.002723361234977852
2022-01-12 02:00,16.3490241117752,0.002717738962512688
2022-01-12 03:00,16.573675697916762,0.0027111293780424056
2022-01-12 04:00,16.80164479063296,0.0027040009094207655
2022-01-12 05:00,17.029790419770308,0.0026968571318185535
2022-01-12 06:00,17.254736236786222,0.0026902049597965533
2022-01-12 07:00,17.473094176892634,0.0026845216115638183
2022-01-12 08:00,17.681714629849363,0.002680222569806125
2022-01-12 09:00,17.877940896789188,0.002677632957850079
2022-01-12 10:00,18.0598400598518,0.002676964703809622
2022-01-12 11:00,18.2263813701193,0.002678301523768806
2022-01-12 12:00,18.377538077658855,0.00268159312104691
2022-01-12 13:00,18.51429879614124,0.002686659144717255
2022-01-12 14:00,18.638587763042093,0.002693202507298131
2022-01-12 15:00,18.753106421215882,0.002700830784234282
2022-01-12 16:00,18.861118448907924,0.0027090837435854095
2022-01-12 17:00,18.966204789330778,0.002717464666497201
2022-01-12 18:00,19.07201421895891,0.002725473031511325
2022-01-12 19:00,19.182029899093337,0.002732636301403492
2022-01-12 20:00,19.299365309497333,0.0027385388861985538
2022-01-12 21:00,19.426596059178816,0.002742846768856173
2022-01-12 22:00,19.565628806640184,0.002745326694910391
2022-01-12 23:00,19.717605610020737,0.002745859196082774
2022-01-13 00:00,19.882841474920525,0.0027444450225180077
2022-01-13 01:00,20.06079419168845,0.002741204805846545
2022-01-13 02:00,20.250067982103253,0.002736371989733943
2022-01-13 03:00,20.448455082186374,0.002730279277683781
2022-01-13 04:00,20.6530211714833,0.002723339091357803
2022-01-13 05:00,20.860240540718742,0.0027160188283046386
2022-01-13 06:00,21.066184258975454,0.002708812060834674
2022-01-13 07:00,21.266758985263166,0.0027022072078629247
2022-01-13 08:00,21.457985841409954,0.0026966555907311654
2022-01-13 09:00,21.636299277353853,0.0026925410790502972
2022-01-13 10:00,21.798837399234717,0.0026901536579527225
2022-01-13 11:00,21.94369050923838,0.0026896691285522374
2022-01-13 12:00,22.070075868731514,0.002691136750440061
2022-01-13 13:00,22.178414714959192,0.0026944759687376856
2022-01-13 14:00,22.27030104479118,0.002699482522256792
2022-01-13 15:00,22.34836749345051,0.0027058433349177635
2022-01-13 16:00,22.416067857620504,0.0027131587943871553
2022-01-13 17:00,22.477405141976945,0.002720970438616711
2022-01-13 18:00,22.53663687209604,0.0027287917661013438
2022-01-13 19:00,22.59798627466718,0.002736139858379409
2022-01-13 20:00,22.66538076310096,0.0027425657000886223
2022-01-13 21:00,22.74223055921177,0.002747681420961407
2022-01-13 22:00,22.83125250882705,0.0027511830816504454
2022-01-13 23:00,22.934338673424218,0.0027528680149079793
2022-01-14 00:00,23.052466641965562,0.002752646076016651
2022-01-14 01:00,23.18564849632701,0.0027505444395490527
2022-01-14 02:00,23.332917283052304,0.002746705813635668
2022-01-14 03:00,23.492352732958537,0.0027413801522316603
2022-01-14 04:00,23.661150744190888,0.0027349101607169425
2022-01-14 05:00,23.835742689601084,0.0027277111383176406
2022-01-14 06:00,24.01196988931156,0.0027202459998934554
2022-01-14 07:00,24.185314843713954,0.0027129966689994644
2022-01-14 08:00,24.35118386340954,0.002706433408966741
2022-01-14 09:00,24.505226269710306,0.0027009840077491954
2022-01-14 10:00,24.64366515845907,0.0026970049826465434
2022-01-14 11:00,24.763606501172763,0.0026947570426212866
2022-01-14 12:00,24.86329000571895,0.0026943868736823374
2022-01-14 13:00,24.942248754844034,0.002695916871249045
2022-01-14 14:00,25.001355429415465,0.0026992437641594966
2022-01-14 15:00,25.042748876511606,0.0027041462477569826
2022-01-14 16:00,25.06965210300141,0.0027103008970561495
2022-01-14 17:00,25.0861072058093,0.0027173048995218995
2022-01-14 18:00,25.096661095250674,0.0027247036342292804
2022-01-14 19:00,25.106037003802395,0.0027320208791813015
2022-01-14 20:00,25.118821733196555,0.002738789440975945
2022-01-14 21:00,25.13918984631657,0.00274458021446923
2022-01-14 22:00,25.1706763964445,0.002749028015915384
2022-01-14 23:00,25.216001622535924,0.0027518529140795854
2022-01-15 00:00,25.276945668651464,0.0027528761511676427
2022-01-15 01:00,25.354269158672736,0.002752030066040761
2022-01-15 02:00,25.44767596920418,0.002749361698276088
2022-01-15 03:00,25.555816930672478,0.002745029975170023
2022-01-15 04:00,25.67633635663639,0.0027392965890577266
2022-01-15 05:00,25.805966075214126,0.002732510888006642
2022-01-15 06:00,25.940672842633624,0.0027250893542119783
2022-01-15 07:00,26.075863623797677,0.0027174905453853384
2022-01-15 08:00,26.206648556774432,0.002710186720682977
2022-01-15 09:00,26.328153487078485,0.002703633736065922
2022-01-15 10:00,26.435863768172148,0.002698241121163663
2022-01-15 11:00,26.525970692569246,0.0026943444686554087
2022-01-15 12:00,26.5956843686749,0.002692182301902093
2022-01-15 13:00,26.643475022484953,0.0026918793793003475
2022-01-15 14:00,26.669210390527823,0.0026934379279890588
2022-01-15 15:00,26.674169800116413,0.0026967376143909173
2022-01-15 16:00,26.66093307879503,0.002701544247735328
2022-01-15 17:00,26.63316036255835,0.00270752640163108
2022-01-15 18:00,26.595292825058262,0.0027142784544045037
2022-01-15 19:00,26.55221138653539,0.002721348084645509
2022-01-15 20:00,26.508889928147973,0.0027282660536496286
2022-01-15 21:00,26.47007295143981,0.0027345761446464973
2022-01-15 22:00,26.439997781325737,0.0027398633519904033
2022-01-15 23:00,26.422171270042114,0.0027437787455383044
2022-01-16 00:00,26.419202771350704,0.0027460598037521715
2022-01-16 01:00,26.432690098211904,0.0027465453599280084
2022-01-16 02:00,26.463153416964175,0.002745184610625269
2022-01-16 03:00,26.510013002098916,0.002742039888903494
2022-01-16 04:00,26.571609495829296,0.0027372831207844585
2022-01-16 05:00,26.645268616577575,0.00273118608583218
2022-01-16 06:00,26.72741491698896,0.0027241048197186044
2022-01-16 07:00,26.813740028309635,0.002716458751738884
2022-01-16 08:00,26.899428853904393,0.0027087054752433976
2022-01-16 09:00,26.979441831999527,0.002701312396896887
2022-01-16 10:00,27.0488428725951,0.002694726870608823
2022-01-16 11:00,27.103152130093445,0.0026893467387038316
2022-01-16 12:00,27.13869273939485,0.0026854934037751485
2022-01-16 13:00,27.152894052217,0.002683389565522069
2022-01-16 14:00,27.14451359078777,0.002683143524088908
2022-01-16 15:00,27.113747363346906,0.0026847414642835643
2022-01-16 16:00,27.06221259682376,0.0026880484386005298
2022-01-16 17:00,26.9928052585945,0.0026928179580809034
2022-01-16 18:00,26.909452497636753,0.0026987093052736216
2022-01-16 19:00,26.816793067136302,0.0027053110257189996
2022-01-16 20:00,26.719824312670102,0.002712168620687776
2022-01-16 21:00,26.62355223250751,0.0027188142871678042
2022-01-16 22:00,26.532673340333126,0.002724796609872532
2022-01-16 23:00,26.4513065781343,0.0027297083441179533
2022-01-17 00:00,26.382783283774337,0.0027332107620101635
2022-01-17 01:00,26.3294953208838,0.002735053397281271
2022-01-17 02:00,26.292796909843474,0.002735088365743555
2022-01-17 03:00,26.27295444353284,0.0027332787329841825
2022-01-17 04:00,26.269139936367168,0.0027297006460999156
2022-01-17 05:00,26.27946668513201,0.0027245391568753584
2022-01-17 06:00,26.301069014779006,0.0027180778652162703
2022-01-17 07:00,26.330230424437733,0.0027106827317253733
2022-01-17 08:00,26.362564900427834,0.0027027806701651036
2022-01-17 09:00,26.393253716778947,0.0026948338445810876
2022-01-17 10:00,26.41733427221619,0.0026873109528943095
2022-01-17 11:00,26.430028788993948,0.0026806571448663723
2022-01-17 12:00,26.427090449707386,0.0026752645390432867
2022-01-17 13:00,26.40513523468963,0.0026714454953676234
2022-01-17 14:00,26.361922355905968,0.002669410792479478
2022-01-17 15:00,26.29654737208597,0.0026692545995893745
2022-01-17 16:00,26.209520895537114,0.002670947616062373
2022-01-17 17:00,26.10272105566668,0.0026743390290724306
2022-01-17 18:00,25.979226175515052,0.0026791671140773826
2022-01-17 19:00,25.84305094586485,0.0026850775049776384
2022-01-17 20:00,25.698820748942452,0.0026916475137206426
2022-01-17 21:00,25.551422570779575,0.0026984144665122443
2022-01-17 22:00,25.40566742152792,0.0027049058727967195
2022-01-17 23:00,25.26599055671215,0.002710669326318718
2022-01-18 00:00,25.136205115182783,0.0027153002902881303
2022-01-18 01:00,25.019314876138328,0.0027184662630682136
2022-01-18 02:00,24.91738456121486,0.002719926187061354
2022-01-18 03:00,24.83146221688939,0.002719544302741279
2022-01-18 04:00,24.761547512452772,0.002717297939335075
2022-01-18 05:00,24.706601491257803,0.0027132789732701346
2022-01-18 06:00,24.664596326857378,0.0027076888929276517
2022-01-18 07:00,24.63260678246873,0.0027008276103462135
2022-01-18 08:00,24.606947188920486,0.0026930763864786234
2022-01-18 09:00,24.583357793998363,0.0026848755095793203
2022-01-18 10:00,24.557241512265044,0.0026766976956907242
2022-01-18 11:00,24.523946149631904,0.002669018554129132
2022-01-18 12:00,24.479078633764985,0.0026622858412473824
2022-01-18 13:00,24.418828207096684,0.002656889548795866
2022-01-18 14:00,24.34026741312937,0.002653135058657589
2022-01-18 15:00,24.241595876900707,0.0026512215655619896
2022-01-18 16:00,24.122294599117925,0.0026512276727891555
2022-01-18 17:00,23.983168361028206,0.002653105502507371
2022-01-18 18:00,23.826269251969414,0.002656683893243586
2022-01-18 19:00,23.65471172228473,0.0026616803957977535
2022-01-18 20:00,23.4724046132158,0.0026677209641860333
2022-01-18 21:00,23.283734805160396,0.00267436559571195
2022-01-18 22:00,23.093238925808638,0.0026811377846129563
2022-01-18 23:00,22.905294715544684,0.0026875555365619007
2022-01-19 00:00,22.723854560311366,0.0026931618103544766
2022-01-19 01:00,22.55223334424864,0.0026975525364345125
2022-01-19 02:00,22.39295368276663,0.0027004007274738324
2022-01-19 03:00,22.247645316084657,0.002701475573045121
2022-01-19 04:00,22.1169924350808,0.0027006557521846303
2022-01-19 05:00,22.000722617547932,0.002697936483861587
2022-01-19 06:00,21.897633009940407,0.0026934300706386322
2022-01-19 07:00,21.805652333145726,0.002687359895662602
2022-01-19 08:00,21.721940114866534,0.0026800480376159676
2022-01-19 09:00,21.64302620887386,0.00267189690321048
2022-01-19 10:00,21.56499325086631,0.002663365565805248
2022-01-19 11:00,21.48370161457287,0.002654941849633315
2022-01-19 12:00,21.395050588730808,0.0026471115961670655
2022-01-19 13:00,21.295261597135603,0.0026403269480602767
2022-01-19 14:00,21.18116094892461,0.002634975815493148
2022-01-19 15:00,21.050433198187726,0.002631354862307815
2022-01-19 16:00,20.901814221989138,0.0026296482833545287
2022-01-19 17:00,20.73519732867202,0.002629914291453886
2022-01-19 18:00,20.551636149381668,0.0026320806010508638
2022-01-19 19:00,20.353242772808343,0.0026359493612172534
2022-01-19 20:00,20.142995029529267,0.002641211081812049
2022-01-19 21:00,19.924479154990976,0.0026474662624286507
2022-01-19 22:00,19.701600463629575,0.0026542528026999
2022-01-19 23:00,19.478294329377096,0.0026610769193880935
2022-01-20 00:00,19.258263873310224,0.002667445228776162
2022-01-20 01:00,19.044761762256925,0.0026728958232867437
2022-01-20 02:00,18.840424117085238,0.0026770264971933784
2022-01-20 03:00,18.647156816999484,0.002679518669951962
2022-01-20 04:00,18.466069568247857,0.0026801559468689158
2022-01-20 05:00,18.29745115073134,0.0026788366004303534
2022-01-20 06:00,18.140779741595967,0.002675579537780235
2022-01-20 07:00,17.99476427776438,0.0026705235491597803
2022-01-20 08:00,17.857415477003634,0.002663919834275556
2022-01-20 09:00,17.72614743140573,0.0026561180118746083
2022-01-20 10:00,17.597911755564546,0.0026475460650804334
2022-01-20 11:00,17.469365424321804,0.002638684984671752
2022-01-20 12:00,17.337070291464475,0.002630039249552122
2022-01-20 13:00,17.197716965650244,0.0026221047065897486
2022-01-20 14:00,17.048359054968067,0.002615335828026733
2022-01-20 15:00,16.88663734276138,0.002610114652743828
2022-01-20 16:00,16.71096928860344,0.0026067238626847444
2022-01-20 17:00,16.520679324665547,0.002605326323601303
2022-01-20 18:00,16.31605080181442,0.0026059529874034636
2022-01-20 19:00,16.098290635746007,0.0026085003348932266
2022-01-20 20:00,15.86941055285196,0.0026127376271484017
2022-01-20 21:00,15.632041147254194,0.0026183232779999404
2022-01-20 22:00,15.38920365625034,0.0026248288183927026
2022-01-20 23:00,15.144067591806769,0.0026317683234659403
2022-01-21 00:00,14.899720058559192,0.0026386308786952813
2022-01-21 01:00,14.658966229989897,0.0026449136642663264
2022-01-21 02:00,14.424172318326638,0.002650153472306994
2022-01-21 03:00,14.19715465259533,0.0026539548462067796
2022-01-21 04:00,13.979112664446525,0.002656013454816903
2022-01-21 05:00,13.770600299524325,0.0026561337155082353
2022-01-21 06:00,13.571529483106648,0.0026542400218400853
2022-01-21 07:00,13.381200178422795,0.002650381205025658
2022-01-21 08:00,13.198353487972792,0.002644728079302585
2022-01-21 09:00,13.021246351518139,0.0026375641203363175
2022-01-21 10:00,12.847747954939027,0.0026292695397434214
2022-01-21 11:00,12.675458376719135,0.0026202992816355816
2022-01-21 12:00,12.501848846587169,0.002611155800781973
2022-01-21 13:00,12.324420154756947,0.002602357886861541
2022-01-21 14:00,12.140871543496875,0.0025944072457625136
2022-01-21 15:00,11.94926768286576,0.002587754973669188
2022-01-21 16:00,11.748187412119494,0.0025827703712507128
2022-01-21 17:00,11.536836347590155,0.0025797146418359085
2022-01-21 18:00,11.315107425283093,0.0025787218163238895
2022-01-21 19:00,11.083579267901753,0.0025797887176779465
2022-01-21 20:00,10.843451001675136,0.002582774962608576
2022-01-21 21:00,10.596421763797503,0.002587413015133105
2022-01-21 22:00,10.344531178894677,0.0025933273207785833
2022-01-21 23:00,10.089981570992988,0.0026000607268039473
2022-01-22 00:00,9.834962828132628,0.0026071058529799408
2022-01-22 01:00,9.581497210400107,0.0026139388652609745
2022-01-22 02:00,9.331315502602198,0.0026200531924028274
2022-01-22 03:00,9.085769556773661,0.002624991030866618
2022-01-22 04:00,8.845780905396174,0.0026283709052827187
2022-01-22 05:00,8.611821565841131,0.002629909996248112
2022-01-22 06:00,8.383921537431716,0.0026294403508624314
2022-01-22 07:00,8.16169747892824,0.002626918422968078
2022-01-22 08:00,7.944398070455573,0.002622427649738165
2022-01-22 09:00,7.730962987794405,0.0026161739815355736
2022-01-22 10:00,7.520093694381656,0.0026084744783888116
2022-01-22 11:00,7.310334952187507,0.002599739308198847
2022-01-22 12:00,7.100165779075578,0.002590447762658955
2022-01-22 13:00,6.888097434665283,0.002581119265407432
2022-01-22 14:00,6.672774036994175,0.0025722807766393693
2022-01-22 15:00,6.4530690250150835,0.002564432459763079
2022-01-22 16:00,6.228168594509076,0.002558013894084137
2022-01-22 17:00,5.997632306758465,0.0025533733920408723
2022-01-22 18:00,5.761422051637456,0.00255074300546077
2022-01-22 19:00,5.519893746956437,0.002550221506987395
2022-01-22 20:00,5.273751185356295,0.002551766997071092
2022-01-22 21:00,5.023967209737747,0.0025551998815368637
2022-01-22 22:00,4.7716824395883215,0.0025602159306813577
2022-01-22 23:00,4.518094770538631,0.002566408145970314
2022-01-23 00:00,4.264353164300019,0.002573295388590921
2022-01-23 01:00,4.011467029706308,0.002580355269705869
2022-01-23 02:00,3.760238655199504,0.0025870586885420313
2022-01-23 03:00,3.5112218589916755,0.002592903580185857
2022-01-23 04:00,3.2647062934736044,0.002597445804494918
2022-01-23 05:00,3.020724275775938,0.00260032556307563
2022-01-23 06:00,2.779075746326113,0.0026012881843001548
2022-01-23 07:00,2.5393667578970716,0.002600198510140018
2022-01-23 08:00,2.301057365874439,0.002597048432303263
2022-01-23 09:00,2.063515499133983,0.0025919573672619025
2022-01-23 10:00,1.8260739895745786,0.0025851656589906814
2022-01-23 11:00,1.5880882006901704,0.0025770210936163587
2022-01-23 12:00,1.3489915390240452,0.002567958941653589
2022-01-23 13:00,1.1083456216353664,0.002558476242609501
2022-01-23 14:00,0.8658812203922899,0.002549101426631979
2022-01-23 15:00,0.6215256464698001,0.0025403608136490697
2022-01-23 16:00,0.37541237595155064,0.0025327439919767126
2022-01-23 17:00,0.1278697944826102,0.0025266704709849975
2022-01-23 18:00,-0.12061190916862002,0.0025224602193764985
2022-01-23 19:00,-0.36943365622191543,0.0025203106398544606
2022-01-23 20:00,-0.6179548685711731,0.0025202821301007405
2022-01-23 21:00,-0.865567291652023,0.0025222936480721356
2022-01-23 22:00,-1.1117658539167836,0.0025261287292053817
2022-01-23 23:00,-1.3562076189122134,0.0025314513534660903
2022-01-24 00:00,-1.5987520202374463,0.0025378301137835005
2022-01-24 01:00,-1.839478758599418,0.002544768447249104
2022-01-24 02:00,-2.0786831070648657,0.002551738339025572
2022-01-24 03:00,-2.316851124727574,0.0025582148946378712
2022-01-24 04:00,-2.554618963531303,0.002563709429714306
2022-01-24 05:00,-2.7927210146228276,0.002567799141414669
2022-01-24 06:00,-3.031931344340289,0.002570151897006729
2022-01-24 07:00,-3.273002133501069,0.002570545120549289
2022-01-24 08:00,-3.5166020739798487,0.0025688781323911472
2022-01-24 09:00,-3.763257208148898,0.002565177586931847
2022-01-24 10:00,-4.013296687005741,0.0025595958777013456
2022-01-24 11:00,-4.266806382621705,0.0025524025684091575
2022-01-24 12:00,-4.523594078274001,0.0025439691046561597
2022-01-24 13:00,-4.783170786511401,0.002534747302122306
2022-01-24 14:00,-5.04475319868287,0.002525242420699552
2022-01-24 15:00,-5.307291869481262,0.002515982026682129
2022-01-24 16:00,-5.5695280613244,0.0025074822930535277
2022-01-24 17:00,-5.8300790247887475,0.002500213831910382
2022-01-24 18:00,-6.087547110826608,0.0024945695017500667
2022-01-24 19:00,-6.340643272210293,0.0024908367786220624
2022-01-24 20:00,-6.588311435078361,0.0024891771304250128
2022-01-24 21:00,-6.829838224302502,0.0024896143431890694
2022-01-24 22:00,-7.064933516627239,0.002492032948439258
2022-01-24 23:00,-7.293771323285289,0.002496186904071462
2022-01-25 00:00,-7.516986638140784,0.0025017176561047566
2022-01-25 01:00,-7.735630522824985,0.0025081798324681536
2022-01-25 02:00,-7.951091164726413,0.0025150722275301784
2022-01-25 03:00,-8.164991800297795,0.0025218714861094263
2022-01-25 04:00,-8.379076956947968,0.0025280659655401794
2022-01-25 05:00,-8.595096925855412,0.0025331875618087242
2022-01-25 06:00,-8.81469767732715,0.0025368397231059097
2022-01-25 07:00,-9.039320569515944,0.0025387203412336736
2022-01-25 08:00,-9.270113953898674,0.0025386386365272287
2022-01-25 09:00,-9.507857578964968,0.0025365254994845665
2022-01-25 10:00,-9.752900639736891,0.002532437019009579
2022-01-25 11:00,-10.00511525690312,0.0025265511339884403
2022-01-25 12:00,-10.263868744617586,0.0025191575268988255
2022-01-25 13:00,-10.528019732367373,0.0025106410750811753
2022-01-25 14:00,-10.795944407108742,0.0025014594226998744
2022-01-25 15:00,-11.0655991251574,0.0024921155567001673
2022-01-25 16:00,-11.334623749891184,0.0024831266629372255
2022-01-25 17:00,-11.600485919886635,0.002474990973281298
2022-01-25 18:00,-11.860660220969102,0.002468154725834096
2022-01-25 19:00,-12.112828884026877,0.002462981655508788
2022-01-25 20:00,-12.355083883393343,0.002459727508906481
2022-01-25 21:00,-12.586106271737796,0.0024585218545904795
2022-01-25 22:00,-12.805299009288355,0.0024593589104178527
2022-01-25 23:00,-13.012855030148076,0.002462098282540786
2022-01-26 00:00,-13.209751838874743,0.002466475529171042
2022-01-26 01:00,-13.397675169155109,0.0024721214938192323
2022-01-26 02:00,-13.578884259696997,0.0024785885617302646
2022-01-26 03:00,-13.756037763653493,0.0024853814945986572
2022-01-26 04:00,-13.932001197322272,0.002491990330073977
2022-01-26 05:00,-14.109654607976681,0.002497922958363191
2022-01-26 06:00,-14.291714292508836,0.002502735320880336
2022-01-26 07:00,-14.480576744172657,0.002506057611812177
2022-01-26 08:00,-14.678188083189438,0.0025076153112164614
2022-01-26 09:00,-14.885938983324339,0.002507244276051382
2022-01-26 10:00,-15.104583859786903,0.0025048994358837845
2022-01-26 11:00,-15.334183665379795,0.002500656885047047
2022-01-26 12:00,-15.57407356156146,0.002494709355952522
2022-01-26 13:00,-15.82285930040201,0.0024873552338129097
2022-01-26 14:00,-16.078448545757226,0.0024789814686132293
2022-01-26 15:00,-16.33812465441005,0.002470040987510256
2022-01-26 16:00,-16.59866970081087,0.002461025527479665
2022-01-26 17:00,-16.856540022435215,0.002452435188712591
2022-01-26 18:00,-17.108091049593053,0.0024447464190708343
2022-01-26 19:00,-17.349839279905087,0.002438380512557835
2022-01-26 20:00,-17.578739633989517,0.002433674950369332
2022-01-26 21:00,-17.792448636378012,0.0024308599378290796
2022-01-26 22:00,-17.98954065818468,0.0024300422256881547
2022-01-26 23:00,-18.169647744505323,0.0024311977359798313
2022-01-27 00:00,-18.33350342169133,0.0024341736989061465
2022-01-27 01:00,-18.48288526345323,0.0024387000720200464
2022-01-27 02:00,-18.620466250605208,0.0024444091150203355
2022-01-27 03:00,-18.749597208357333,0.002450861281801137
2022-01-27 04:00,-18.874049162287758,0.002457575163013682
2022-01-27 05:00,-18.997744628673054,0.002464059093443091
2022-01-27 06:00,-19.124501880900524,0.0024698421866888583
2022-01-27 07:00,-19.257808466124363,0.0024745028904520614
2022-01-27 08:00,-19.40063218141145,0.0024776935724900996
2022-01-27 09:00,-19.555271252300688,0.00247916006744626
2022-01-27 10:00,-19.723241583690584,0.0024787554842724243
2022-01-27 11:00,-19.905197833114748,0.002476447870366132
2022-01-27 12:00,-20.100886257703046,0.0024723215562333636
2022-01-27 13:00,-20.309130032275082,0.002466572186449131
2022-01-27 14:00,-20.52785106710708,0.0024594956117199728
2022-01-27 15:00,-20.754135203078846,0.002451471007407717
2022-01-27 16:00,-20.98434890769366,0.0024429388243031296
2022-01-27 17:00,-21.214314179434155,0.0024343744820129304
2022-01-27 18:00,-21.43954353962567,0.0024262590765842863
2022-01-27 19:00,-21.655528679774253,0.0024190487566643475
2022-01-27 20:00,-21.85806553056119,0.0024131447629109613
2022-01-27 21:00,-22.043587446248182,0.002408866339406623
2022-01-27 22:00,-22.209469990777908,0.002406428728002898
2022-01-27 23:00,-22.354268626656104,0.0024059281867196075
2022-01-28 00:00,-22.477856363496784,0.0024073354233661577
2022-01-28 01:00,-22.58144173678535,0.002410498063564297
2022-01-28 02:00,-22.667465445399866,0.0024151518953674385
2022-01-28 03:00,-22.739392023038498,0.0024209397978586645
2022-01-28 04:00,-22.801426534253324,0.00242743660369798
2022-01-28 05:00,-22.85819261089793,0.0024341777534020444
2022-01-28 06:00,-22.91440680671382,0.0024406894932860537
2022-01-28 07:00,-22.974577077345156,0.002446518509775094
2022-01-28 08:00,-23.042743185633878,0.002451259201755006
2022-01-28 09:00,-23.1222669604907,0.0024545771809468143
2022-01-28 10:00,-23.215672732316676,0.002456227982128042
2022-01-28 11:00,-23.3245339346024,0.0024560703106570585
2022-01-28 12:00,-23.44940082268218,0.0024540734335113533
2022-01-28 13:00,-23.58976588376222,0.002450318535774288
2022-01-28 14:00,-23.744066811485848,0.0024449940384680003
2022-01-28 15:00,-23.909730749519447,0.0024383850360847467
2022-01-28 16:00,-24.08326665531308,0.002430857195151088
2022-01-28 17:00,-24.26041386729966,0.0024228356849646995
2022-01-28 18:00,-24.436353162035516,0.002414780001605001
2022-01-28 19:00,-24.605981027865198,0.0024071558895463092
2022-01-28 20:00,-24.764238602463543,0.00240040592896458
2022-01-28 21:00,-24.90647493526231,0.0023949206819302805
2022-01-28 22:00,-25.02881246440922,0.0023910124987267696
2022-01-28 23:00,-25.128474288254075,0.002388894096246177
2022-01-29 00:00,-25.204031327040692,0.002388663776452259
2022-01-29 01:00,-25.255534728774755,0.0023902986441708225
2022-01-29 02:00,-25.284514210327256,0.0023936564628566715
2022-01-29 03:00,-25.293843105101384,0.0023984859576931658
2022-01-29 04:00,-25.287490567503212,0.002404444580301913
2022-01-29 05:00,-25.270195822414248,0.0024111221111711477
2022-01-29 06:00,-25.247105535231096,0.002418068082938314
2022-01-29 07:00,-25.2234131056219,0.002424820883959892
2022-01-29 08:00,-25.204030131271615,0.002430936513979706
2022-01-29 09:00,-25.193308826994464,0.0024360152412094605
2022-01-29 10:00,-25.19482309696091,0.0024397247699150548
2022-01-29 11:00,-25.21120753435288,0.0024418188971892796
2022-01-29 12:00,-25.244048889851694,0.0024421509681003266
2022-01-29 13:00,-25.293823453658767,0.002440681707937032
2022-01-29 14:00,-25.359875579222983,0.002437481220582465
2022-01-29 15:00,-25.44043613126782,0.0024327251119636564
2022-01-29 16:00,-25.532683721662202,0.0024266848552609416
2022-01-29 17:00,-25.632854920690356,0.0024197126908588186
2022-01-29 18:00,-25.73641093817805,0.00241222157490306
2022-01-29 19:00,-25.83826644215597,0.002404660970248611
2022-01-29 20:00,-25.933080514280835,0.00239748960805503
2022-01-29 21:00,-26.015600319092595,0.0023911467083211225
2022-01-29 22:00,-26.08103616014099,0.0023860234781450758
2022-01-29 23:00,-26.125434798039294,0.0023824369323513016
2022-01-30 00:00,-26.1460097217688,0.0023806081228905872
2022-01-30 01:00,-26.141385901317012,0.002380646660807115
2022-01-30 02:00,-26.11172432262293,0.0023825429508572207
2022-01-30 03:00,-26.0587076098734,0.002386168876339397
2022-01-30 04:00,-25.985388774756245,0.0023912868686837203
2022-01-30 05:00,-25.89592537047584,0.0023975665041371234
2022-01-30 06:00,-25.79523602225336,0.0024046071167842537
2022-01-30 07:00,-25.68862240723633,0.0024119644937009694
2022-01-30 08:00,-25.581397075156993,0.002419179556846626
2022-01-30 09:00,-25.47854832506151,0.0024258070123901656
2022-01-30 10:00,-25.384461216712538,0.002431442196408869
2022-01-30 11:00,-25.302702111658732,0.002435744686094715
2022-01-30 12:00,-25.235865280285868,0.0024384576049126037
2022-01-30 13:00,-25.18547511871518,0.0024394218774219673
2022-01-30 14:00,-25.15193630480706,0.002438584959740814
2022-01-30 15:00,-25.134525972202287,0.002436003783902024
2022-01-30 16:00,-25.13142553448084,0.0024318418253639162
2022-01-30 17:00,-25.139793874674364,0.0024263603599950284
2022-01-30 18:00,-25.155886951444234,0.002419904150809394
2022-01-30 19:00,-25.175230237085746,0.0024128820229370644
2022-01-30 20:00,-25.192848735308058,0.0024057430645093294
2022-01-30 21:00,-25.2035539737301,0.0023989495298969896
2022-01-30 22:00,-25.202278439267683,0.002392947894086267
2022-01-30 23:00,-25.184436663015664,0.0023881398598773083
2022-01-31 00:00,-25.14628105406215,0.0023848553776669333
2022-01-31 01:00,-25.085212987803274,0.0023833298179190996
2022-01-31 02:00,-25.00000882908926,0.0023836872719397175
2022-01-31 03:00,-24.890928330001323,0.002385931521963772
2022-01-31 04:00,-24.759688479937353,0.0023899455511819756
2022-01-31 05:00,-24.609305996048043,0.0023954996523249212
2022-01-31 06:00,-24.443831153037465,0.0024022673723874
2022-01-31 07:00,-24.268009672552825,0.002409847835866115
2022-01-31 08:00,-24.086914986974577,0.002417792519542649
2022-01-31 09:00,-23.905590218282477,0.002425634350204806
2022-01-31 10:00,-23.728729947434342,0.002432917043955058
2022-01-31 11:00,-23.560419777287823,0.002439222838879284
2022-01-31 12:00,-23.40394015849516,0.0024441971100163324
2022-01-31 13:00,-23.261632253963867,0.0024475687201842827
2022-01-31 14:00,-23.134818742794824,0.0024491652968423503
2022-01-31 15:00,-23.02377127551894,0.002448922905292691
2022-01-31 16:00,-22.92771795421232,0.0024468898089211673
2022-01-31 17:00,-22.844887570046716,0.002443224183813461
2022-01-31 18:00,-22.772591155168275,0.002438185815827044
2022-01-31 19:00,-22.707344495801866,0.0024321219854552493
2022-01-31 20:00,-22.645036495856214,0.002425447969255824
2022-01-31 21:00,-22.581146747014987,0.0024186228755522917
2022-01-31 22:00,-22.511010817722234,0.00241212188736774
2022-01-31 23:00,-22.430123793491315,0.0024064063822032506
2022-02-01 00:00,-22.334462671872505,0.002401893782123833
2022-02-01 01:00,-22.220798625417185,0.002398929279328715
2022-02-01 02:00,-22.086963912577975,0.0023977616923665413
2022-02-01 03:00,-21.93203819317419,0.002398525561295499
2022-02-01 04:00,-21.756426682835425,0.0024012311542578554
2022-02-01 05:00,-21.561817146271338,0.0024057633646079497
2022-02-01 06:00,-21.351020966062872,0.002411889623886105
2022-02-01 07:00,-21.127720802725875,0.0024192760824061146
2022-02-01 08:00,-20.896159337038974,0.0024275105618903415
2022-02-01 09:00,-20.660807773992474,0.0024361302737611347
2022-02-01 10:00,-20.42604926817591,0.0024446520703884462
2022-02-01 11:00,-20.195903432671265,0.002452603037112454
2022-02-01 12:00,-19.97380685257262,0.0024595494737906713
2022-02-01 13:00,-19.762454053841438,0.0024651226683809276
2022-02-01 14:00,-19.563695674751376,0.0024690402492653653
2022-02-01 15:00,-19.378486420729523,0.0024711222577184317
2022-02-01 16:00,-19.20687452283481,0.0024713013763351566
2022-02-01 17:00,-19.048026031020914,0.002469626979750024
2022-02-01 18:00,-18.90028027378759,0.0024662628578146634
2022-02-01 19:00,-18.761236098342785,0.0024614786285695367
2022-02-01 20:00,-18.627871034696344,0.0024556350439039576
2022-02-01 21:00,-18.49669638960914,0.002449163626922952
2022-02-01 22:00,-18.36394976373806,0.002442541387821732
2022-02-01 23:00,-18.225822264156594,0.0024362617456072234
2022-02-02 00:00,-18.078711045040336,0.0024308032093155294
2022-02-02 01:00,-17.919479883752985,0.0024265977855171695
2022-02-02 02:00,-17.74570327666423,0.0024240013923415107
2022-02-02 03:00,-17.555865492214707,0.0024232686764091333
2022-02-02 04:00,-17.349487323043277,0.0024245344666604255
2022-02-02 05:00,-17.12716084105143,0.0024278036244881553
2022-02-02 06:00,-16.8904852341812,0.002432950299298931
2022-02-02 07:00,-16.641911863599013,0.0024397266804745826
2022-02-02 08:00,-16.38452015602808,0.0024477804049932578
2022-02-02 09:00,-16.121754464872982,0.0024566789923143894
2022-02-02 10:00,-15.857153934252155,0.002465939150939581
2022-02-02 11:00,-15.594103155513302,0.00247505858158213
2022-02-02 12:00,-15.335623134174702,0.0024835479661340027
2022-02-02 13:00,-15.084212536365966,0.0024909611043725647
2022-02-02 14:00,-14.841740745459484,0.0024969215459240317
2022-02-02 15:00,-14.60938837968333,0.0025011444754945576
2022-02-02 16:00,-14.387628020437894,0.0025034529827159743
2022-02-02 17:00,-14.176237617005864,0.0025037881539041813
2022-02-02 18:00,-13.97434057572953,0.0025022126604838505
2022-02-02 19:00,-13.780468984463974,0.0024989077082465906
2022-02-02 20:00,-13.592648877961972,0.0024941633864346948
2022-02-02 21:00,-13.408508140328006,0.002488362653744628
2022-02-02 22:00,-13.22540794027554,0.0024819594536114927
2022-02-02 23:00,-13.040597090927733,0.002475451784464433
2022-02-03 00:00,-12.851385342208586,0.0024693509604255827
2022-02-03 01:00,-12.655326769390694,0.002464148751528144
2022-02-03 02:00,-12.45039913649089,0.002460284522876851
2022-02-03 03:00,-12.235160933153459,0.002458114803892621
2022-02-03 04:00,-12.00886642259759,0.002457887807670326
2022-02-03 05:00,-11.771521763800187,0.002459725204234404
2022-02-03 06:00,-11.52387225971939,0.002463612903293364
2022-02-03 07:00,-11.267320783578791,0.0024694017724255514
2022-02-03 08:00,-11.003788029414723,0.0024768182306175424
2022-02-03 09:00,-10.735533665793785,0.002485483683860063
2022-02-03 10:00,-10.46496168599016,0.002494940973871525
2022-02-03 11:00,-10.19443260673565,0.0025046855069028122
2022-02-03 12:00,-9.926100527313611,0.002514198554201223
2022-02-03 13:00,-9.661786243257986,0.0025229803316542524
2022-02-03 14:00,-9.40289061409744,0.002530580786448482
2022-02-03 15:00,-9.150346739362805,0.0025366264401531498
2022-02-03 16:00,-8.904605957702366,0.0025408420704487256
2022-02-03 17:00,-8.66565128212887,0.0025430663976272107
2022-02-03 18:00,-8.433032167767955,0.002543261251098796
2022-02-03 19:00,-8.205915811953595,0.002541513929377035
2022-02-03 20:00,-7.983151832219462,0.0025380326595027753
2022-02-03 21:00,-7.763348574802718,0.002533135245614896
2022-02-03 22:00,-7.544960031954242,0.002527231211135822
2022-02-03 23:00,-7.326382109982427,0.0025207980185302167
2022-02-04 00:00,-7.106055708817931,0.002514352312669601
2022-02-04 01:00,-6.882571921575432,0.002508417570770341
2022-02-04 02:00,-6.65477211958197,0.0025034900121238502
2022-02-04 03:00,-6.421833524939251,0.0025000050472630416
2022-02-04 04:00,-6.183330005984933,0.0024983068253904527
2022-02-04 05:00,-5.939259034777599,0.0024986234644507836
2022-02-04 06:00,-5.690029296041398,0.0025010502447118045
2022-02-04 07:00,-5.436408855102157,0.002505542403273071
2022-02-04 08:00,-5.179439870034648,0.0025119182552238222
2022-02-04 09:00,-4.920331001219686,0.0025198723319008625
2022-02-04 10:00,-4.660341578370136,0.0025289972476014145
2022-02-04 11:00,-4.400671608387769,0.002538812246080698
2022-02-04 12:00,-4.1423691372428735,0.0025487959381825247
2022-02-04 13:00,-3.886262309877544,0.002558420640744911
2022-02-04 14:00,-3.6329189498096333,0.0025671859101275437
2022-02-04 15:00,-3.3826326501190063,0.0025746492333197915
2022-02-04 16:00,-3.1354318118281546,0.002580452289279632
2022-02-04 17:00,-2.8911068746726665,0.002584341635779519
2022-02-04 18:00,-2.6492508920215565,0.002586183058895538
2022-02-04 19:00,-2.409309170910282,0.0025859691248255345
2022-02-04 20:00,-2.1706344859733875,0.0025838197073316705
2022-02-04 21:00,-1.9325450276954628,0.002579975458615757
2022-02-04 22:00,-1.694382539584569,0.00257478438630175
2022-02-04 23:00,-1.4555679616965886,0.002568681934307936
2022-02-05 00:00,-1.2156514047881317,0.0025621652715146987
2022-02-05 01:00,-0.9743526501586961,0.0025557628812319182
2022-02-05 02:00,-0.731587945330767,0.002550000999667637
2022-02-05 03:00,-0.48747903995531267,0.0025453689206771683
2022-02-05 04:00,-0.2423415126561378,0.002542285580172277
2022-02-05 05:00,0.003348405234007568,0.0025410700488922647
2022-02-05 06:00,0.2490063270898443,0.002541918495052315
2022-02-05 07:00,0.4940061479059729,0.002544889768537713
2022-02-05 08:00,0.7377524398735812,0.0025499010180675325
2022-02-05 09:00,0.9797495932790716,0.0025567337777783064
2022-02-05 10:00,1.2196590221968353,0.0025650499106552598
2022-02-05 11:00,1.4573379067537149,0.002574415854918179
2022-02-05 12:00,1.6928560855143708,0.0025843329360752177
2022-02-05 13:00,1.926490986719367,0.002594271161107314
2022-02-05 14:00,2.1587031396368643,0.0026037038983036
2022-02-05 15:00,2.390096411061207,0.002612141096084938
2022-02-05 16:00,2.6213676321530834,0.00261915910220952
2022-02-05 17:00,2.853249981558896,0.0026244256070603257
2022-02-05 18:00,3.086453777948389,0.0026277186718978948
2022-02-05 19:00,3.3216076056928885,0.0026289391709698093
2022-02-05 20:00,3.559202246029247,0.0026281162652951684
2022-02-05 21:00,3.799539862819533,0.00262540575246694
2022-02-05 22:00,4.042691295826147,0.0026210813342631635
2022-02-05 23:00,4.288464998491447,0.0026155190523567133
2022-02-06 00:00,4.5363918401849235,0.0026091753995180337
2022-02-06 01:00,4.7857302846058944,0.0026025599448929763
2022-02-06 02:00,5.035495921232651,0.002596203720702474
2022-02-06 03:00,5.284517601190662,0.0025906250766965754
2022-02-06 04:00,5.531519387413842,0.002586295155106773
2022-02-06 05:00,5.775223451810668,0.0025836054791714535
2022-02-06 06:00,6.01446469960198,0.002582840275903657
2022-02-06 07:00,6.248304401109116,0.00258415597884338
2022-02-06 08:00,6.476128623071503,0.0025875698406336686
2022-02-06 09:00,6.697718508958783,0.002592958766536835
2022-02-06 10:00,6.9132833966587155,0.002600068475310117
2022-02-06 11:00,7.123453456401509,0.002608532072065249
2022-02-06 12:00,7.329234507657989,0.0026178962524163775
2022-02-06 13:00,7.531932461357357,0.0026276527773517193
2022-02-06 14:00,7.7330574846866895,0.00263727261710549
2022-02-06 15:00,7.934218317213502,0.0026462402343642093
2022-02-06 16:00,8.137015672726621,0.0026540857802682585
2022-02-06 17:00,8.342941203030572,0.0026604134057045237
2022-02-06 18:00,8.553285963779715,0.0026649243486680002
2022-02-06 19:00,8.769060377522596,0.00266743387758075
2022-02-06 20:00,8.990926693981661,0.002667881517031863
2022-02-06 21:00,9.21914496422003,0.0026663342547753764
2022-02-06 22:00,9.453534402720981,0.0026629826485999627
2022-02-06 23:00,9.693453363169686,0.002658129953845647
2022-02-07 00:00,9.937802517667851,0.0026521746156103632
2022-02-07 01:00,10.185056620866062,0.0026455867473034753
2022-02-07 02:00,10.43332983911213,0.0026388795674616803
2022-02-07 03:00,10.680477504613933,0.0026325771836895957
2022-02-07 04:00,10.924233090553688,0.002627180558603016
2022-02-07 05:00,11.162373504300813,0.0026231338968253064
2022-02-07 06:00,11.39289945004657,0.002620793958645846
2022-02-07 07:00,11.614212202329217,0.0026204048353374526
2022-02-07 08:00,11.82526543309678,0.0026220804408321856
2022-02-07 09:00,12.025672065761638,0.0026257963701975416
2022-02-07 10:00,12.215751722086827,0.002631391908948944
2022-02-07 11:00,12.396513057365388,0.002638581979900718
2022-02-07 12:00,12.569574973912486,0.0026469778538629734
2022-02-07 13:00,12.737038925187829,0.0026561146843692013
2022-02-07 14:00,12.901329457932283,0.00266548345843625
2022-02-07 15:00,13.065021155307264,0.002674564813291614
2022-02-07 16:00,13.230667812246908,0.002682862310554609
2022-02-07 17:00,13.40064534362761,0.002689933096737714
2022-02-07 18:00,13.577015131199616,0.002695414311467227
2022-02-07 19:00,13.761410500502254,0.002699044046198498
2022-02-07 20:00,13.954946507343664,0.0027006760497840063
2022-02-07 21:00,14.158152402655853,0.002700287699701206
2022-02-07 22:00,14.370926826796191,0.0026979810139434756
2022-02-07 23:00,14.592517481330777,0.0026939766932708837
2022-02-08 00:00,14.821529090858762,0.002688601391428979
2022-02-08 01:00,15.05596514094909,0.002682268647830721
2022-02-08 02:00,15.29330935205266,0.0026754542106504626
2022-02-08 03:00,15.530651375383343,0.002668666838834364
2022-02-08 04:00,15.764857290131314,0.002662416084181621
2022-02-08 05:00,15.992779193643596,0.0026571789734495597
2022-02-08 06:00,16.211490344532706,0.002653367859818431
2022-02-08 07:00,16.418524624989377,0.0026513018995878925
2022-02-08 08:00,16.61209376475797,0.002651184545395553
2022-02-08 09:00,16.791254916726768,0.002653089078383739
2022-02-08 10:00,16.956005898754427,0.0026569535367226395
2022-02-08 11:00,17.107295182481685,0.0026625855165284484
2022-02-08 12:00,17.246946313213552,0.0026696763610328756
2022-02-08 13:00,17.37750872487057,0.0026778233743982626
2022-02-08 14:00,17.5020559040702,0.0026865580349266817
2022-02-08 15:00,17.623955819328646,0.0026953778176563963
2022-02-08 16:00,17.746637396730684,0.002703779176018073
2022-02-08 17:00,17.87337193019252,0.002711289422796998
2022-02-08 18:00,18.007081691390486,0.0027174956039339934
2022-02-08 19:00,18.150181606586976,0.0027220688815703478
2022-02-08 20:00,18.30445507038128,0.0027247833599822616
2022-02-08 21:00,18.47096239967046,0.0027255286539039623
2022-02-08 22:00,18.64998007522689,0.002724315797917854
2022-02-08 23:00,18.84097030104901,0.0027212763377286423
2022-02-09 00:00,19.042582793443,0.0027166546552056027
2022-02-09 01:00,19.252693205244714,0.002710793792338447
2022-02-09 02:00,19.46848423472821,0.0027041152865365714
2022-02-09 03:00,19.686575315456913,0.0026970938327739815
2022-02-09 04:00,19.90320405898214,0.0026902279502084873
2022-02-09 05:00,20.11445698631411,0.002684008229640708
2022-02-09 06:00,20.31653894330871,0.0026788851219263065
2022-02-09 07:00,20.506061321606243,0.0026752385194148986
2022-02-09 08:00,20.680321068057964,0.0026733514946645693
2022-02-09 09:00,20.837538112172847,0.002673390417726868
2022-02-09 10:00,20.977020403928368,0.002675393239939026
2022-02-09 11:00,21.099233874442337,0.0026792670344587175
2022-02-09 12:00,21.205767923846967,0.002684795012767182
2022-02-09 13:00,21.299202368515754,0.002691652329442809
2022-02-09 14:00,21.382895326722526,0.0026994291920423336
2022-02-09 15:00,21.4607201721079,0.002707659226083475
2022-02-09 16:00,21.536782048652785,0.0027158507653371002
2022-02-09 17:00,21.615141093530433,0.0027235187375612016
2022-02-09 18:00,21.69956245141883,0.0027302150361886443
2022-02-09 19:00,21.793304883565533,0.002735555624015981
2022-02-09 20:00,21.89895243451687,0.002739243020902379
2022-02-09 21:00,22.018288566735293,0.0027410832187912985
2022-02-09 22:00,22.152209869066397,0.0027409964070594897
2022-02-09 23:00,22.300676643901067,0.0027390211700315786
2022-02-10 00:00,22.46269968162934,0.0027353120489575448
2022-02-10 01:00,22.63636539585274,0.002730130568955496
2022-02-10 02:00,22.81890415942129,0.002723830048472564
2022-02-10 03:00,23.00680805841547,0.0027168347626859847
2022-02-10 04:00,23.19600336006642,0.002709614339492191
2022-02-10 05:00,23.38207904794706,0.002702654624685751
2022-02-10 06:00,23.56056567782968,0.00269642663379975
2022-02-10 07:00,23.72724932341461,0.002691355557030413
2022-02-10 08:00,23.87849535334037,0.002687792024888527
2022-02-10 09:00,24.011548905009814,0.0026859878942100393
2022-02-10 10:00,24.12477604440185,0.0026860786133096268
2022-02-10 11:00,24.21781367181893,0.002688073750538
2022-02-10 12:00,24.29160732055813,0.002691856560833627
2022-02-10 13:00,24.348331927495966,0.002697192616965654
2022-02-10 14:00,24.391207596020198,0.002703746679717061
2022-02-10 15:00,24.424236161128842,0.0027111062594225837
2022-02-10 16:00,24.45189200340868,0.0027188098305240657
2022-02-10 17:00,24.478801127324537,0.002726377444138718
2022-02-10 18:00,24.50943719325371,0.002733341524086651
2022-02-10 19:00,24.5478544704105,0.0027392758678282877
2022-02-10 20:00,24.597468331291886,0.002743821224127085
2022-02-10 21:00,24.6608861399914,0.0027467062067535416
2022-02-10 22:00,24.739786424121796,0.002747762671217156
2022-02-10 23:00,24.83484233183505,0.0027469349989663484
2022-02-11 00:00,24.945686114181708,0.0027442829956507227
2022-02-11 01:00,25.07091386414216,0.00273997833105476
2022-02-11 02:00,25.20813289995892,0.002734294653897634
2022-02-11 03:00,25.354056833437348,0.0027275917339830112
2022-02-11 04:00,25.504654356214097,0.0027202942419229325
2022-02-11 05:00,25.65535609933611,0.0027128660853845683
2022-02-11 06:00,25.801318947865386,0.0027057815735952585
2022-02-11 07:00,25.937739005892475,0.0026994950472475025
2022-02-11 08:00,26.060194109036708,0.0026944109323724847
2022-02-11 09:00,26.1649865741727,0.002690856379938365
2022-02-11 10:00,26.249449721317266,0.002689058661839277
2022-02-11 11:00,26.312180470592345,0.0026891292539147874
2022-02-11 12:00,26.35316665418069,0.002691056037082449
2022-02-11 13:00,26.37379108894295,0.0026947043352753574
2022-02-11 14:00,26.376712116673552,0.0026998266833906663
2022-02-11 15:00,26.365637939958187,0.0027060804096764985
2022-02-11 16:00,26.34502540144675,0.0027130514503460284
2022-02-11 17:00,26.319740144334574,0.0027202823780980174
2022-02-11 18:00,26.294713929921798,0.002727302453110644
2022-02-11 19:00,26.274627949834265,0.0027336575717989884
2022-02-11 20:00,26.263641094868852,0.00273893823288896
2022-02-11 21:00,26.265172224484658,0.002742803984334864
2022-02-11 22:00,26.28173765976356,0.0027450031867543565
2022-02-11 23:00,26.314840462885403,0.002745387278165649
2022-02-12 00:00,26.364906647308203,0.0027439190251478175
2022-02-12 01:00,26.431264672812883,0.002740674494873421
2022-02-12 02:00,26.51216741762149,0.0027358386960853348
2022-02-12 03:00,26.604859110307164,0.002729695040512674
2022-02-12 04:00,26.70569222492399,0.0027226089972224275
2022-02-12 05:00,26.810299921788726,0.0027150065736308883
2022-02-12 06:00,26.91382728677455,0.002707348568141311
2022-02-12 07:00,27.011218877824586,0.0027001018907511364
2022-02-12 08:00,27.09755121823276,0.0026937096052877833
2022-02-12 09:00,27.168388246802454,0.0026885616521264556
2022-02-12 10:00,27.22012779811832,0.002684968389458709
2022-02-12 11:00,27.25030102527616,0.0026831390716189896
2022-02-12 12:00,27.257787058208265,0.0026831671156085043
2022-02-12 13:00,27.242913403846753,0.0026850234879902653
2022-02-12 14:00,27.207427624392906,0.0026885588263118685
2022-02-12 15:00,27.15434438407468,0.0026935140945813078
2022-02-12 16:00,27.087689489784175,0.002699538789082317
2022-02-12 17:00,27.01217489174152,0.0027062150787782644
2022-02-12 18:00,26.932843391739176,0.0027130858643418343
2022-02-12 19:00,26.854719077665763,0.002719684596817805
2022-02-12 20:00,26.782491333186183,0.002725564783273913
2022-02-12 21:00,26.720249701437435,0.002730327358977311
2022-02-12 22:00,26.67127680632502,0.002733644447456341
2022-02-12 23:00,26.637898956524563,0.002735278393039982
2022-02-13 00:00,26.62138985037576,0.0027350952876704707
2022-02-13 01:00,26.621921869206048,0.0027330725024201493
2022-02-13 02:00,26.63856105011646,0.002729299974301649
2022-02-13 03:00,26.669304885791576,0.00272397520721881
2022-02-13 04:00,26.71116539382032,0.0027173921481595618
2022-02-13 05:00,26.760302202571925,0.0027099243234739736
2022-02-13 06:00,26.81221057351236,0.0027020028869048094
2022-02-13 07:00,26.861966431021955,0.002694090549040871
2022-02-13 08:00,26.90452422754903,0.002686652714850124
2022-02-13 09:00,26.935054310211736,0.002680127514948133
2022-02-13 10:00,26.94929593879964,0.002674896716660393
2022-02-13 11:00,26.943892829769617,0.0026712596673400713
2022-02-13 12:00,26.91667314388347,0.002669412382425182
2022-02-13 13:00,26.866837751550214,0.0026694335982258783
2022-02-13 14:00,26.795030294909797,0.0026712790657182203
2022-02-13 15:00,26.703278551017856,0.0026747846251242427
2022-02-13 16:00,26.594815263510093,0.002679677779079679
2022-02-13 17:00,26.473803353877642,0.0026855967046616296
2022-02-13 18:00,26.345001321682208,0.002692115029698707
2022-02-13 19:00,26.213407773372094,0.0026987703226702634
2022-02-13 20:00,26.083919881155378,0.0027050941276798466
2022-02-13 21:00,25.961031530941263,0.0027106414835250153
2022-02-13 22:00,25.848586087838466,0.0027150181320953295
2022-02-13 23:00,25.749588871705402,0.0027179039692232917
2022-02-14 00:00,25.666077386804748,0.00271907165365284
2022-02-14 01:00,25.5990437469677,0.002718399621862922
2022-02-14 02:00,25.54840331936968,0.0027158790381899894
2022-02-14 03:00,25.513005535544444,0.0027116144435897884
2022-02-14 04:00,25.490685969201195,0.0027058180709828993
2022-02-14 05:00,25.478361949334275,0.0026987979977370026
2022-02-14 06:00,25.472175978226282,0.002690940534593803
2022-02-14 07:00,25.467690991297317,0.002682687526746133
2022-02-14 08:00,25.46013825332581,0.002674509573700256
2022-02-14 09:00,25.444712213004866,0.0026668765452925996
2022-02-14 10:00,25.41689757967235,0.002660227141103679
2022-02-14 11:00,25.372803946156367,0.0026549395444346907
2022-02-14 12:00,25.3094750886662,0.0026513053805672358
2022-02-14 13:00,25.225136567341544,0.0026495091279283463
2022-02-14 14:00,25.11934865393346,0.0026496148053359947
2022-02-14 15:00,24.993042374419343,0.0026515611754978994
2022-02-14 16:00,24.848432703436885,0.002655165931079515
2022-02-14 17:00,24.688820884960094,0.002660138480848346
2022-02-14 18:00,24.518313033212255,0.0026661001656671183
2022-02-14 19:00,24.34149109699575,0.002672610126977983
2022-02-14 20:00,24.163073567714747,0.002679194696577188
2022-02-14 21:00,23.98759791494564,0.0026853780886175955
2022-02-14 22:00,23.819147202775476,0.0026907123126332197
2022-02-14 23:00,23.661132728308868,0.002694804517262576
2022-02-15 00:00,23.516135373248158,0.0026973403382407083
2022-02-15 01:00,23.38580216887775,0.002698102193824028
2022-02-15 02:00,23.270791751319088,0.0026969818028779167
2022-02-15 03:00,23.170762506572164,0.0026939864784911866
2022-02-15 04:00,23.08439936884736,0.002689238979025287
2022-02-15 05:00,23.00947833295403,0.002682970900473802
2022-02-15 06:00,22.942970626528062,0.002675509798578828
2022-02-15 07:00,22.88119007301186,0.002667260465984766
2022-02-15 08:00,22.819986526399155,0.0026586810805648018
2022-02-15 09:00,22.754984757701493,0.002650255291416323
2022-02-15 10:00,22.68186177696742,0.00264246170066373
2022-02-15 11:00,22.596647081518622,0.0026357425859825545
2022-02-15 12:00,22.49602150172298,0.0026304740187453016
2022-02-15 13:00,22.377583702087826,0.0026269396803156615
2022-02-15 14:00,22.240051622345238,0.00262531058674819
2022-02-15 15:00,22.0833709590076,0.0026256325574069215
2022-02-15 16:00,21.908714132844146,0.0026278226206478566
2022-02-15 17:00,21.718368858084027,0.0026316747189337898
2022-02-15 18:00,21.515531644861632,0.0026368741854714845
2022-02-15 19:00,21.30403428772455,0.0026430196599016077
2022-02-15 20:00,21.088037782367017,0.0026496505134065997
2022-02-15 21:00,20.871727436262645,0.002656277531388993
2022-02-15 22:00,20.6590365396726,0.0026624145574597725
2022-02-15 23:00,20.45341645908725,0.0026676089845710997
2022-02-16 00:00,20.25766121612912,0.002671469306501985
2022-02-16 01:00,20.073786671706138,0.0026736883310132407
2022-02-16 02:00,19.90295945766738,0.0026740610371557517
2022-02-16 03:00,19.745468914035786,0.00267249639285969
2022-02-16 04:00,19.600735938616655,0.0026690227224089856
2022-02-16 05:00,19.46735491882584,0.0026637864370576475
2022-02-16 06:00,19.34316775749729,0.002657044141572381
2022-02-16 07:00,19.225371409205465,0.0026491483376537934
2022-02-16 08:00,19.110661389631105,0.0026405271935330318
2022-02-16 09:00,18.99541266768222,0.002631659159273706
2022-02-16 10:00,18.875895794042798,0.0026230435825078217
2022-02-16 11:00,18.74852021110863,0.002615168896100642
2022-02-16 12:00,18.610089344563008,0.002608480353588778
2022-02-16 13:00,18.458045022415615,0.0026033495993804195
2022-02-16 14:00,18.290674261250867,0.00260004848558589
2022-02-16 15:00,18.1072516275188,0.0025987294058769494
2022-02-16 16:00,17.908096342205194,0.002599413971386641
2022-02-16 17:00,17.69453445963172,0.0026019911319528567
2022-02-16 18:00,17.46877042838729,0.002606224944753494
2022-02-16 19:00,17.233685659571808,0.002611771257037171
2022-02-16 20:00,16.99259107053646,0.0026182017552651513
2022-02-16 21:00,16.748963984697294,0.0026250332609644433
2022-02-16 22:00,16.50619721737199,0.002631759882011653
2022-02-16 23:00,16.267381297078433,0.0026378856452079643
2022-02-17 00:00,16.035132020597388,0.0026429554762165295
2022-02-17 01:00,15.811467266189227,0.0026465827649418804
2022-02-17 02:00,15.597730791042054,0.0026484721695659978
2022-02-17 03:00,15.394557268058477,0.0026484367041750695
2022-02-17 04:00,15.201871927051219,0.002646408487231947
2022-02-17 05:00,15.018919212384734,0.0026424427943751543
2022-02-17 06:00,14.844316995809764,0.002636715275375277
2022-02-17 07:00,14.676135208697108,0.002629512392075857
2022-02-17 08:00,14.511999473671226,0.0026212153478994745
2022-02-17 09:00,14.349220742094094,0.0026122780428739505
2022-02-17 10:00,14.184950600946665,0.0026031999217942022
2022-02-17 11:00,14.016358648076622,0.002594494985946978
2022-02-17 12:00,13.840823484950665,0.002586658680027443
2022-02-17 13:00,13.656123388570451,0.0025801347815486786
2022-02-17 14:00,13.46060810917926,0.002575284719263005
2022-02-17 15:00,13.25333124851592,0.002572361829994123
2022-02-17 16:00,13.034124703612003,0.0025714928502858676
2022-02-17 17:00,12.803603098493534,0.002572668402919651
2022-02-17 18:00,12.563095940562256,0.002575743424795567
2022-02-17 19:00,12.314516147161179,0.0025804475103070094
2022-02-17 20:00,12.060182808691714,0.0025864041759751794
2022-02-17 21:00,11.802621332409327,0.0025931572494431415
2022-02-17 22:00,11.544364514926636,0.0026002020643683724
2022-02-17 23:00,11.287774209321519,0.002607018944681081
2022-02-18 00:00,11.034896760367857,0.002613106556395917
2022-02-18 01:00,10.787358290216988,0.002618013011025649
2022-02-18 02:00,10.546299882566627,0.002621363021353926
2022-02-18 03:00,10.312348670374366,0.0026228798475508076
2022-02-18 04:00,10.085618969439716,0.0026224011669656612
2022-02-18 05:00,9.865737566061876,0.0026198883253823304
2022-02-18 06:00,9.651888430847889,0.002615428681931512
2022-02-18 07:00,9.442873796373686,0.0026092309669952162
2022-02-18 08:00,9.23719006623717,0.0026016137675642886
2022-02-18 09:00,9.033117896425905,0.002592987476336015
2022-02-18 10:00,8.828825636579026,0.002583830322312222
2022-02-18 11:00,8.622483968283646,0.002574659459501813
2022-02-18 12:00,8.41238713521743,0.002565998519127723
2022-02-18 13:00,8.197073083227592,0.0025583434892274023
2022-02-18 14:00,7.975431938659858,0.002552129198761737
2022-02-18 15:00,7.746790607034543,0.0025476989508450764
2022-02-18 16:00,7.510961860100752,0.0025452798679776244
2022-02-18 17:00,7.268249605194103,0.002544966207535912
2022-02-18 18:00,7.019407778640608,0.002546712267214018
2022-02-18 19:00,6.765557272484453,0.002550335596955074
2022-02-18 20:00,6.508071740478649,0.0025555302072701454
2022-02-18 21:00,6.248447367536307,0.002561888490167326
2022-02-18 22:00,5.988172765754708,0.002568929809556154
2022-02-18 23:00,5.728613136376148,0.002576133274519344
2022-02-19 00:00,5.470918648750288,0.0025829721023323997
2022-02-19 01:00,5.215961994006926,0.002588947156864672
2022-02-19 02:00,4.964305531499271,0.002593617615988756
2022-02-19 03:00,4.716195165787053,0.0025966271732403216
2022-02-19 04:00,4.471576328349341,0.002597724626416372
2022-02-19 05:00,4.230127007752385,0.002596778094127221
2022-02-19 06:00,3.9913032452683774,0.002593782410393257
2022-02-19 07:00,3.7543933975761674,0.0025888594862472874
2022-02-19 08:00,3.5185783297379203,0.002582251624845119
2022-02-19 09:00,3.2829952256592487,0.0025743079716554367
2022-02-19 10:00,3.046802717786963,0.002565464513691186
2022-02-19 11:00,2.809244526138317,0.0025562183424732553
2022-02-19 12:00,2.569707907400526,0.002547097277224832
2022-02-19 13:00,2.327772261635301,0.002538626392025943
2022-02-19 14:00,2.0832426708861758,0.0025312934525934627
2022-02-19 15:00,1.836163425855028,0.002525515659685558
2022-02-19 16:00,1.5868080771574555,0.0025216103100200405
2022-02-19 17:00,1.3356452526072462,0.0025197719203238897
2022-02-19 18:00,1.0832830029430418,0.002520057954436985
2022-02-19 19:00,0.8303979777991266,0.0025223845576762024
2022-02-19 20:00,0.5776583449284267,0.0025265327308415216
2022-02-19 21:00,0.3256503073271564,0.0025321643281510774
2022-02-19 22:00,0.0748171073224545,0.0025388463212497768
2022-02-19 23:00,-0.17458311328412346,0.0025460810870246626
2022-02-20 00:00,-0.42249752676779,0.002553340131127531
2022-02-20 01:00,-0.6690770385718686,0.0025600986491475753
2022-02-20 02:00,-0.9146554815126448,0.002565868582640581
2022-02-20 03:00,-1.1597135337125968,0.0025702282422533466
2022-02-20 04:00,-1.4048316984362867,0.0025728470394557027
2022-02-20 05:00,-1.6506363938313446,0.0025735043110382983
2022-02-20 06:00,-1.8977426233282175,0.002572101591339831
2022-02-20 07:00,-2.1466961858116096,0.0025686679754641385
2022-02-20 08:00,-2.3979181772002027,0.002563358438931352
2022-02-20 09:00,-2.65165472772116,0.0025564451686331154
2022-02-20 10:00,-2.907935456129792,0.002548302157291091
2022-02-20 11:00,-3.1665447993113744,0.0025393835574488337
2022-02-20 12:00,-3.4270108553235685,0.002530196608623598
2022-02-20 13:00,-3.6886162352450103,0.002521270348543846
2022-02-20 14:00,-3.9504342415028155,0.002513121771860479
2022-02-20 15:00,-4.21139123247427,0.0025062215469733346
2022-02-20 16:00,-4.4703523971053265,0.002500961751082035
2022-02-20 17:00,-4.7262239186789765,0.002497628227279978
2022-02-20 18:00,-4.97806064943694,0.002496380011789133
2022-02-20 19:00,-5.225166107579221,0.0024972377804853125
2022-02-20 20:00,-5.467171739825864,0.0025000824549795404
2022-02-20 21:00,-5.70408518412463,0.0025046641042763378
2022-02-20 22:00,-5.936302092390215,0.0025106202486720793
2022-02-20 23:00,-6.164581661659977,0.002517501796072913
2022-02-21 00:00,-6.38999094220383,0.002524804251573685
2022-02-21 01:00,-6.613826174125464,0.002532001596176013
2022-02-21 02:00,-6.837520457183697,0.0025385803056376444
2022-02-21 03:00,-7.062546265125452,0.002544071291974535
2022-02-21 04:00,-7.290319390086219,0.0025480779897821375
2022-02-21 05:00,-7.522108669813819,0.0025502992772137418
2022-02-21 06:00,-7.758953994720614,0.0025505463460162676
2022-02-21 07:00,-8.001594033134863,0.0025487529814255563
2022-02-21 08:00,-8.2504049967384,0.002544978978610479
2022-02-21 09:00,-8.505352505726494,0.0025394066293416796
2022-02-21 10:00,-8.765959931454372,0.002532330396297546
2022-02-21 11:00,-9.031298063658358,0.0025241400930139115
2022-02-21 12:00,-9.300002007609661,0.0025152981406174413
2022-02-21 13:00,-9.57032121849056,0.0025063118001028865
2022-02-21 14:00,-9.840206916212692,0.0024977016799022428
2022-02-21 15:00,-10.107437424599047,0.002489968260327927
2022-02-21 16:00,-10.369776375885007,0.002483558592133913
2022-02-21 17:00,-10.625152052556535,0.002478835620898631
2022-02-21 18:00,-10.871839943131333,0.0024760526587526556
2022-02-21 19:00,-11.108626764083306,0.0024753352892216223
2022-02-21 20:00,-11.334934349621003,0.002476672424605041
2022-02-21 21:00,-11.550886517836712,0.0024799173908621073
2022-02-21 22:00,-11.757310437643394,0.0024847989194619904
2022-02-21 23:00,-11.955674047687731,0.0024909409495994903
2022-02-22 00:00,-12.147970124887589,0.002497889352886689
2022-02-22 01:00,-12.336563548735576,0.0025051431995753806
2022-02-22 02:00,-12.524020213821366,0.002512188026279589
2022-02-22 03:00,-12.712934273845564,0.002518528700670184
2022-02-22 04:00,-12.905766250990983,0.0025237198194716787
2022-02-22 05:00,-13.104699619729436,0.0025273920173973317
2022-02-22 06:00,-13.311519149994803,0.002529273014967906
2022-02-22 07:00,-13.52751143038945,0.0025292026315612485
2022-02-22 08:00,-13.75338689528505,0.0025271413101566357
2022-02-22 09:00,-13.989223217711542,0.002523171945482708
2022-02-22 10:00,-14.234431673553459,0.0025174950019337975
2022-02-22 11:00,-14.487750409515774,0.00251041708726085
2022-02-22 12:00,-14.747270696139932,0.002502333350503417
2022-02-22 13:00,-15.01050335788936,0.002493704329553315
2022-02-22 14:00,-15.274491776572905,0.0024850282017240062
2022-02-22 15:00,-15.535974476062364,0.0024768097826591787
2022-02-22 16:00,-15.79159411115215,0.002469528037173309
2022-02-22 17:00,-16.03814130563207,0.0024636042406847047
2022-02-22 18:00,-16.27281280494811,0.002459373169161635
2022-02-22 19:00,-16.493456223836187,0.002457059704026223
2022-02-22 20:00,-16.698770830815555,0.002456762949061593
2022-02-22 21:00,-16.888437044795722,0.0024584493594214216
2022-02-22 22:00,-17.06315663464967,0.0024619555424877987
2022-02-22 23:00,-17.2245990187765,0.002467000436372461
2022-02-23 00:00,-17.37526315536355,0.002473205666873523
2022-02-23 01:00,-17.518275730395484,0.0024801221766308783
2022-02-23 02:00,-17.657152263343352,0.0024872608056945335
2022-02-23 03:00,-17.795547795514658,0.0024941244014642775
2022-02-23 04:00,-17.93701918552803,0.002500239201473014
2022-02-23 05:00,-18.08481389809806,0.0025051835767492072
2022-02-23 06:00,-18.241692823010588,0.0025086126486810307
2022-02-23 07:00,-18.409788823252867,0.0025102777162506616
2022-02-23 08:00,-18.590499277167748,0.0025100398008269416
2022-02-23 09:00,-18.784409979899902,0.002507876911856026
2022-02-23 10:00,-18.99124899303401,0.0025038848651341024
2022-02-23 11:00,-19.209871648178396,0.002498271670359456
2022-02-23 12:00,-19.438281010581754,0.0024913456802439452
2022-02-23 13:00,-19.673690675261224,0.0024834978943292603
2022-02-23 14:00,-19.912637729632845,0.0024751790645849057
2022-02-23 15:00,-20.151152074403594,0.002466872569322965
2022-02-23 16:00,-20.384983371059757,0.0024590643963944745
2022-02-23 17:00,-20.609878687104448,0.0024522119666620123
2022-02-23 18:00,-20.821893487268444,0.002446713866356985
2022-02-23 19:00,-21.017708181181415,0.0024428827549690803
2022-02-23 20:00,-21.194915009705856,0.0024409236880325647
2022-02-23 21:00,-21.352238573430203,0.002440919785126551
2022-02-23 22:00,-21.48965942950555,0.002442826581796769
2022-02-23 23:00,-21.608423317684498,0.0024464755970644977
2022-02-24 00:00,-21.710935772904396,0.002451586750736534
2022-02-24 01:00,-21.800558766729495,0.002457788427654312
2022-02-24 02:00,-21.8813384065733,0.0024646433435321544
2022-02-24 03:00,-21.957698106212163,0.0024716780009188667
2022-02-24 04:00,-22.034129876797834,0.002478413447803175
2022-02-24 05:00,-22.114909339335593,0.0024843952189033598
2022-02-24 06:00,-22.203850587335204,0.002489220668119726
2022-02-24 07:00,-22.304107888037727,0.002492562300047004
2022-02-24 08:00,-22.418024324812304,0.002494186104352055
2022-02-24 09:00,-22.54702371667809,0.00249396424228966
2022-02-24 10:00,-22.6915414649024,0.0024918817119472286
2022-02-24 11:00,-22.850991733791194,0.0024880368346825426
2022-02-24 12:00,-23.023771614928815,0.0024826355828138206
2022-02-24 13:00,-23.207306539253707,0.0024759799394067626
2022-02-24 14:00,-23.398144004600393,0.002468450676976512
2022-02-24 15:00,-23.59210348490756,0.002460485188110358
2022-02-24 16:00,-23.784488127189984,0.002452551307912692
2022-02-24 17:00,-23.970357890157906,0.0024451184244576223
2022-02-24 18:00,-24.1448543167754,0.0024386275410144837
2022-02-24 19:00,-24.30355552108723,0.0024334622682990296
2022-02-24 20:00,-24.442828814880937,0.002429922905029546
2022-02-24 21:00,-24.560141094822143,0.002428205731489752
2022-02-24 22:00,-24.654286783820847,0.0024283893425318314
2022-02-24 23:00,-24.725501310529232,0.002430429284258373
2022-02-25 00:00,-24.775443796704934,0.0024341614960577914
2022-02-25 01:00,-24.807052227717694,0.002439314213363136
2022-02-25 02:00,-24.82429293456263,0.0024455271965689793
2022-02-25 03:00,-24.831839174351344,0.0024523765427179717
2022-02-25 04:00,-24.834718450826067,0.0024594029853824153
2022-02-25 05:00,-24.837965120437048,0.002466141508405154
2022-02-25 06:00,-24.846306101098605,0.0024721502487192854
2022-02-25 07:00,-24.863896434169305,0.002477036966350172
2022-02-25 08:00,-24.89411109604756,0.002480481732377882
2022-02-25 09:00,-24.939391854938226,0.002482254858215508
2022-02-25 10:00,-25.001143955552763,0.0024822294173201375
2022-02-25 11:00,-25.079676831330033,0.0024803879758377337
2022-02-25 12:00,-25.17418510106418,0.0024768233571057416
2022-02-25 13:00,-25.282769700673263,0.0024717334376014605
2022-02-25 14:00,-25.402502901473653,0.0024654101382524146
2022-02-25 15:00,-25.52954390422149,0.0024582229653147456
2022-02-25 16:00,-25.659312434413508,0.002450597693345856
2022-02-25 17:00,-25.78672524050341,0.0024429910797068234
2022-02-25 18:00,-25.906494024866724,0.0024358628455668726
2022-02-25 19:00,-26.01347339978875,0.002429646517146487
2022-02-25 20:00,-26.10303546274731,0.0024247210321691965
2022-02-25 21:00,-26.17143630059412,0.0024213852024943094
2022-02-25 22:00,-26.216132690896643,0.0024198371078640647
2022-02-25 23:00,-26.236007649159344,0.002420160226124934
2022-02-26 00:00,-26.23147273250701,0.002422317579116888
2022-02-26 01:00,-26.204431922526435,0.0024261544475011926
2022-02-26 02:00,-26.158112611434298,0.0024314093910542257
2022-02-26 03:00,-26.096788468252306,0.0024377325373285508
2022-02-26 04:00,-26.02543206986905,0.002444709493207051
2022-02-26 05:00,-25.949339644623006,0.0024518888688669395
2022-02-26 06:00,-25.87376639871993,0.0024588113006081026
2022-02-26 07:00,-25.803601225169547,0.0024650379818130703
2022-02-26 08:00,-25.74309764495383,0.0024701769893099796
2022-02-26 09:00,-25.69566680084333,0.0024739060454236268
2022-02-26 10:00,-25.66373031402929,0.0024759907152237244
2022-02-26 11:00,-25.648626633837548,0.002476297358522081
2022-02-26 12:00,-25.65056393266963,0.0024748004177916044
2022-02-26 13:00,-25.668614747848704,0.0024715838298274948
2022-02-26 14:00,-25.700751273272076,0.002466836520194114
2022-02-26 15:00,-25.743924180424216,0.0024608421036727
2022-02-26 16:00,-25.79419081769431,0.00245396310108868
2022-02-26 17:00,-25.846899376483055,0.002446620217803889
2022-02-26 18:00,-25.896933104580597,0.0024392675238884666
2022-02-26 19:00,-25.93901235559907,0.0024323647228504824
2022-02-26 20:00,-25.968042516771604,0.0024263480618249003
2022-02-26 21:00,-25.97948418394201,0.002421601762417423
2022-02-26 22:00,-25.969711109198556,0.002418432060540207
2022-02-26 23:00,-25.93631490430614,0.0024170459565732174
2022-02-27 00:00,-25.878316328936986,0.0024175365378865106
2022-02-27 01:00,-25.79625258915266,0.002419876234702215
2022-02-27 02:00,-25.692127111635088,0.0024239186582132796
2022-02-27 03:00,-25.56922885209629,0.002429408851968333
2022-02-27 04:00,-25.431847126597294,0.0024360009978794716
2022-02-27 05:00,-25.28492059646693,0.0024432819828895187
2022-02-27 06:00,-25.13366298387111,0.0024507988358750295
2022-02-27 07:00,-24.983203746522534,0.002458087911818642
2022-02-27 08:00,-24.8382719130736,0.0024647038003698368
2022-02-27 09:00,-24.70293912102055,0.0024702461999113424
2022-02-27 10:00,-24.580426796366392,0.002474383345449644
2022-02-27 11:00,-24.47297442443897,0.0024768709380731608
2022-02-27 12:00,-24.381761737846762,0.0024775658472385815
2022-02-27 13:00,-24.306877105765953,0.002476434123107072
2022-02-27 14:00,-24.247326535249513,0.0024735530664137233
2022-02-27 15:00,-24.20108130138071,0.002469107276845559
2022-02-27 16:00,-24.165166052020048,0.002463378766357382
2022-02-27 17:00,-24.135792055281424,0.0024567314125102614
2022-02-27 18:00,-24.10854093377446,0.0024495902653525617
2022-02-27 19:00,-24.078601841438516,0.0024424165237945617
2022-02-27 20:00,-24.04105914179542,0.0024356793580186465
2022-02-27 21:00,-23.991218616452322,0.0024298261411454616
2022-02-27 22:00,-23.92494955997486,0.002425253006203985
2022-02-27 23:00,-23.839010410609,0.002422277882611538
2022-02-28 00:00,-23.731320048336162,0.0024211182051862195
2022-02-28 01:00,-23.601138360092236,0.002421875265277624
2022-02-28 02:00,-23.44912925522061,0.002424526672863988
2022-02-28 03:00,-23.27729562883502,0.002428927668857712
2022-02-28 04:00,-23.088795055125267,0.002434821176034438
2022-02-28 05:00,-22.88766233839799,0.0024418556457699446
2022-02-28 06:00,-22.67847620892618,0.002449609081125563
2022-02-28 07:00,-22.466010336701636,0.002457617187299441
2022-02-28 08:00,-22.254904012900795,0.0024654034479678097
2022-02-28 09:00,-22.049377914413977,0.0024725090199828243
2022-02-28 10:00,-21.85300870654717,0.0024785206078809657
2022-02-28 11:00,-21.668565819636445,0.002483094838494307
2022-02-28 12:00,-21.49790639964623,0.0024859780292097477
2022-02-28 13:00,-21.34192078137434,0.0024870205795350436
2022-02-28 14:00,-21.200520502112607,0.0024861854912502676
2022-02-28 15:00,-21.072662941853068,0.00248355073920431
2022-02-28 16:00,-20.956410002150594,0.0024793053927422808
2022-02-28 17:00,-20.849021655946867,0.0024737395574554034
2022-02-28 18:00,-20.747087616378167,0.0024672284019794763
2022-02-28 19:00,-20.64670080776552,0.0024602107838012735
2022-02-28 20:00,-20.543674036920454,0.0024531633074116313
2022-02-28 21:00,-20.43379597281392,0.0024465710321441097
2022-02-28 22:00,-20.313114703235208,0.0024408964618337016
2022-02-28 23:00,-20.17822817029599,0.002436548829746499
2022-03-01 00:00,-20.02655303299957,0.0024338559525486593
