,date_time,declination,distance
0,2022-01-01 01:00,-0.4318631124338655,0.002397611805884645
1,2022-01-01 02:00,-0.43517920126662807,0.002390939446597154
2,2022-01-01 03:00,-0.438232073180329,0.002385457162389527
3,2022-01-01 04:00,-0.44095010041377936,0.0023814885167324526
4,2022-01-01 05:00,-0.44327968980102334,0.002379261984136591
5,2022-01-01 06:00,-0.4451900099444777,0.0023788951864522592
6,2022-01-01 07:00,-0.4466758299940235,0.002380386824883098
7,2022-01-01 08:00,-0.4477580623060794,0.0023836170589570035
8,2022-01-01 09:00,-0.4484819398566795,0.002388356280973784
9,2022-01-01 10:00,-0.44891311150072766,0.0023942814394787293
10,2022-01-01 11:00,-0.44913221544312737,0.0024009984072299382
11,2022-01-01 12:00,-0.4492286329834589,0.0024080684600706684
12,2022-01-01 13:00,-0.44929411653702117,0.0024150367674819337
13,2022-01-01 14:00,-0.4494168581321688,0.002421460869755619
14,2022-01-01 15:00,-0.4496763729105524,0.002426937366122509
15,2022-01-01 16:00,-0.4501393752586945,0.0024311253823181955
16,2022-01-01 17:00,-0.45085666722745715,0.002433765751328945
17,2022-01-01 18:00,-0.451860962489509,0.0024346951751946576
18,2022-01-01 19:00,-0.4531655370943849,0.0024338549127023838
19,2022-01-01 20:00,-0.4547636198947552,0.002431293755523928
20,2022-01-01 21:00,-0.45662849250350124,0.002427165229524252
21,2022-01-01 22:00,-0.4587143396415247,0.0024217191147611946
22,2022-01-01 23:00,-0.4609579532686392,0.002415287546775151
23,2022-01-02 00:00,-0.4632814254874347,0.002408266169375701
24,2022-01-02 01:00,-0.46559594524600234,0.0024010910713881894
25,2022-01-02 02:00,-0.4678067277036993,0.002394212555811313
26,2022-01-02 03:00,-0.46981895068503543,0.002388067135582641
27,2022-01-02 04:00,-0.47154436739727934,0.0023830494772197545
28,2022-01-02 05:00,-0.47290804952236454,0.0023794862521008564
29,2022-01-02 06:00,-0.4738545493772798,0.002377613928943238
30,2022-01-02 07:00,-0.47435271654687355,0.0023775623876247736
31,2022-01-02 08:00,-0.4743985048476579,0.0023793458294552278
32,2022-01-02 09:00,-0.4740153585791174,0.0023828618325127575
33,2022-01-02 10:00,-0.47325212143192463,0.0023878986380843595
34,2022-01-02 11:00,-0.4721787796095326,0.002394149977597225
35,2022-01-02 12:00,-0.4708806401902937,0.002401236084592268
36,2022-01-02 13:00,-0.4694516927142938,0.0024087290788242814
37,2022-01-02 14:00,-0.4679878910412073,0.002416180702245725
38,2022-01-02 15:00,-0.4665809549275464,0.0024231504158916343
39,2022-01-02 16:00,-0.46531308530293614,0.0024292320765072505
40,2022-01-02 17:00,-0.46425277597740916,0.0024340777267160027
41,2022-01-02 18:00,-0.4634517343688069,0.0024374173802426294
42,2022-01-02 19:00,-0.46294281885038874,0.00243907401014884
43,2022-01-02 20:00,-0.46273886342827864,0.0024389732239603504
44,2022-01-02 21:00,-0.46283228006981225,0.0024371473292752474
45,2022-01-02 22:00,-0.4631953858136875,0.0024337336696996243
46,2022-01-02 23:00,-0.4637814735800384,0.0024289672679680074
47,2022-01-03 00:00,-0.46452670951570546,0.002423167979897973
48,2022-01-03 01:00,-0.46535297345899956,0.00241672256633499
49,2022-01-03 02:00,-0.4661717426459425,0.0024100623485554364
50,2022-01-03 03:00,-0.4668890380088682,0.0024036374281420194
51,2022-01-03 04:00,-0.46741130545517995,0.0023978888048129033
52,2022-01-03 05:00,-0.4676519081441907,0.0023932200701845636
53,2022-01-03 06:00,-0.4675376994161259,0.0023899706239543968
54,2022-01-03 07:00,-0.46701498712308276,0.002388392473608283
55,2022-01-03 08:00,-0.4660541493890606,0.0023886325715513383
56,2022-01-03 09:00,-0.464652260342548,0.0023907222811354123
57,2022-01-03 10:00,-0.4628333320069349,0.002394574965426686
58,2022-01-03 11:00,-0.4606461260576503,0.002399991937265385
59,2022-01-03 12:00,-0.45815985119860464,0.0024066762155501957
60,2022-01-03 13:00,-0.45545834725035345,0.0024142528303318354
61,2022-01-03 14:00,-0.4526335018940858,0.0024222939126466963
62,2022-01-03 15:00,-0.44977863416831987,0.0024303465475595315
63,2022-01-03 16:00,-0.4469824405268037,0.0024379613562995495
64,2022-01-03 17:00,-0.4443238927637458,0.002444719955012305
65,2022-01-03 18:00,-0.4418682644015282,0.0024502597389718258
66,2022-01-03 19:00,-0.4396642902574882,0.002454294787220407
67,2022-01-03 20:00,-0.43774235700669334,0.0024566320152783795
68,2022-01-03 21:00,-0.4361135835037712,0.0024571819891436517
69,2022-01-03 22:00,-0.4347696666286768,0.0024559640432082258
70,2022-01-03 23:00,-0.43368342210142014,0.002453105528717082
71,2022-01-04 00:00,-0.43281001810173564,0.002448835181740676
72,2022-01-04 01:00,-0.4320889605680274,0.0024434707701736077
73,2022-01-04 02:00,-0.4314469217993322,0.0024374013867235933
74,2022-01-04 03:00,-0.430801490018698,0.00243106502038056
75,2022-01-04 04:00,-0.43006584460998715,0.0024249223666332684
76,2022-01-04 05:00,-0.4291542285284891,0.0024194282099202777
77,2022-01-04 06:00,-0.427987912216294,0.0024150020848648962
78,2022-01-04 07:00,-0.4265011586948369,0.002412000226299742
79,2022-01-04 08:00,-0.4246465601226562,0.002410690968567826
80,2022-01-04 09:00,-0.42239907715812597,0.0024112356765011553
81,2022-01-04 10:00,-0.4197582105610173,0.002413676942165146
82,2022-01-04 11:00,-0.4167479680731823,0.002417935176927311
83,2022-01-04 12:00,-0.4134146120919852,0.002423813944048999
84,2022-01-04 13:00,-0.4098225055790216,0.0024310135369177755
85,2022-01-04 14:00,-0.4060486310597933,0.002439151551305649
86,2022-01-04 15:00,-0.4021764826835038,0.0024477886421661143
87,2022-01-04 16:00,-0.39829001088092353,0.0024564573591519387
88,2022-01-04 17:00,-0.3944681629567613,0.0024646919206760525
89,2022-01-04 18:00,-0.39078036614713524,0.0024720569631282033
90,2022-01-04 19:00,-0.3872831000922919,0.0024781736114074518
91,2022-01-04 20:00,-0.3840175464636993,0.0024827415787952744
92,2022-01-04 21:00,-0.3810082059656385,0.0024855563549006166
93,2022-01-04 22:00,-0.37826233852459296,0.0024865208425728135
94,2022-01-04 23:00,-0.37577009914175036,0.002485651047431308
95,2022-01-05 00:00,-0.37350529097417284,0.0024830756177496947
96,2022-01-05 01:00,-0.3714267182239664,0.002479029203001611
97,2022-01-05 02:00,-0.3694801744439643,0.00247383977833981
98,2022-01-05 03:00,-0.3676011286119609,0.002467910301367067
99,2022-01-05 04:00,-0.3657181566865302,0.002461695349074389
100,2022-01-05 05:00,-0.36375710086063445,0.002455673733744848
101,2022-01-05 06:00,-0.3616458234608859,0.0024503184979503077
102,2022-01-05 07:00,-0.35931927338379827,0.0024460660927440392
103,2022-01-05 08:00,-0.35672443314664687,0.0024432868740934172
104,2022-01-05 09:00,-0.3538246095629087,0.002442259219644422
105,2022-01-05 10:00,-0.350602516185317,0.0024431494881720574
106,2022-01-05 11:00,-0.347061698323692,0.002445999671626814
107,2022-01-05 12:00,-0.34322606513632364,0.002450723939741611
108,2022-01-05 13:00,-0.33913757351859386,0.0024571144334230204
109,2022-01-05 14:00,-0.33485238539365997,0.0024648557614472292
110,2022-01-05 15:00,-0.330436023381924,0.002473546846841018
111,2022-01-05 16:00,-0.3259581349679659,0.0024827281794145097
112,2022-01-05 17:00,-0.3214874367392918,0.002491912225175602
113,2022-01-05 18:00,-0.31708727830214983,0.0025006147195374543
114,2022-01-05 19:00,-0.3128120895894864,0.0025083847717314585
115,2022-01-05 20:00,-0.30870480452531657,0.002514832046419161
116,2022-01-05 21:00,-0.30479522299585776,0.002519649678111798
117,2022-01-05 22:00,-0.3010991970131076,0.0025226319472334965
118,2022-01-05 23:00,-0.29761850430129994,0.002523686064982844
119,2022-01-06 00:00,-0.29434129106348356,0.002522837667773351
120,2022-01-06 01:00,-0.29124300850729334,0.002520229824202692
121,2022-01-06 02:00,-0.2882878172593462,0.00251611553640854
122,2022-01-06 03:00,-0.28543047380752745,0.0025108439084624355
123,2022-01-06 04:00,-0.28261872958733636,0.002504840390550782
124,2022-01-06 05:00,-0.279796255580042,0.0024985818131638654
125,2022-01-06 06:00,-0.27690604829569176,0.0024925673050168527
126,2022-01-06 07:00,-0.2738941806428286,0.0024872866194744236
127,2022-01-06 08:00,-0.2707136492606728,0.002483187821901403
128,2022-01-06 09:00,-0.2673279664921439,0.0024806466304090296
129,2022-01-06 10:00,-0.26371408567402915,0.002479939856181157
130,2022-01-06 11:00,-0.2598642646124196,0.0024812252700865713
131,2022-01-06 12:00,-0.25578657841244784,0.0024845297864673687
132,2022-01-06 13:00,-0.25150397604046604,0.002489747128340672
133,2022-01-06 14:00,-0.24705199428011698,0.002496645220027131
134,2022-01-06 15:00,-0.24247544239434282,0.0025048825952086085
135,2022-01-06 16:00,-0.23782450058419063,0.002514032273141949
136,2022-01-06 17:00,-0.23315070883051095,0.002523610970377491
137,2022-01-06 18:00,-0.22850326450925396,0.002533111239924034
138,2022-01-06 19:00,-0.22392592693064614,0.0025420341509015086
139,2022-01-06 20:00,-0.21945468489019468,0.002549920369705748
140,2022-01-06 21:00,-0.2151162154222788,0.0025563778830304646
141,2022-01-06 22:00,-0.2109270707841455,0.0025611050220135604
142,2022-01-06 23:00,-0.20689348350400633,0.00256390783751298
143,2022-01-07 00:00,-0.20301167132007633,0.0025647112033304192
144,2022-01-07 01:00,-0.19926854344866332,0.0025635632816460954
145,2022-01-07 02:00,-0.1956427430836268,0.0025606331908488524
146,2022-01-07 03:00,-0.19210599521324373,0.0025562019025933253
147,2022-01-07 04:00,-0.1886247525632185,0.00255064660009883
148,2022-01-07 05:00,-0.18516213715162239,0.002544418988025768
149,2022-01-07 06:00,-0.18168015538195328,0.0025380183779906596
150,2022-01-07 07:00,-0.1781421204998355,0.002531960783182026
151,2022-01-07 08:00,-0.1745151540009242,0.002526745710318898
152,2022-01-07 09:00,-0.17077257136134064,0.0025228227726267613
153,2022-01-07 10:00,-0.16689590787080302,0.0025205605699395554
154,2022-01-07 11:00,-0.16287632946921138,0.0025202203873319674
155,2022-01-07 12:00,-0.15871521688949464,0.0025219370672992787
156,2022-01-07 13:00,-0.15442380990007593,0.0025257088809170192
157,2022-01-07 14:00,-0.15002193418178744,0.0025313974052243895
158,2022-01-07 15:00,-0.14553597370519308,0.0025387374273616484
159,2022-01-07 16:00,-0.14099636008535077,0.0025473559079225434
160,2022-01-07 17:00,-0.1364349008907271,0.0025567982135014074
161,2022-01-07 18:00,-0.1318822540266741,0.0025665592912497816
162,2022-01-07 19:00,-0.1273657876684611,0.0025761172507815988
163,2022-01-07 20:00,-0.12290796985193596,0.002584966909920764
164,2022-01-07 21:00,-0.11852533573239123,0.002592651167074628
165,2022-01-07 22:00,-0.11422800394621488,0.0025987884818209767
166,2022-01-07 23:00,-0.11001966608491746,0.002603095184512107
167,2022-01-08 00:00,-0.10589795479609383,0.0026054017320291155
168,2022-01-08 01:00,-0.10185509978330426,0.0026056623510680626
169,2022-01-08 02:00,-0.09787879760066194,0.0026039577638601024
170,2022-01-08 03:00,-0.09395324139646702,0.0026004908973825108
171,2022-01-08 04:00,-0.09006027309703224,0.002595575671888933
172,2022-01-08 05:00,-0.08618062772074218,0.002589619187216817
173,2022-01-08 06:00,-0.08229523498597113,0.0025830979091952073
174,2022-01-08 07:00,-0.0783865274882395,0.0025765288214006864
175,2022-01-08 08:00,-0.07443968120504411,0.0025704369419804604
176,2022-01-08 09:00,-0.07044369011910816,0.0025653210705711784
177,2022-01-08 10:00,-0.06639216208647111,0.002561620050859043
178,2022-01-08 11:00,-0.0622837276718319,0.002559682108757161
179,2022-01-08 12:00,-0.05812198404455873,0.0025597398502288046
180,2022-01-08 13:00,-0.05391495147536447,0.0025618932022425643
181,2022-01-08 14:00,-0.049674090823093174,0.0025661019438102464
182,2022-01-08 15:00,-0.04541299985670389,0.0025721885708332565
183,2022-01-08 16:00,-0.041145955933527954,0.0025798512096242127
184,2022-01-08 17:00,-0.036886489422230065,0.002588685316052803
185,2022-01-08 18:00,-0.03264615357169948,0.002598212131710136
186,2022-01-08 19:00,-0.028433610255686362,0.0026079114172957046
187,2022-01-08 20:00,-0.024254091887238968,0.0026172558683097286
188,2022-01-08 21:00,-0.02010924321707592,0.002625744788322043
189,2022-01-08 22:00,-0.01599730380573367,0.0026329349556241896
190,2022-01-08 23:00,-0.011913567197173616,0.0026384670651489295
191,2022-01-09 00:00,-0.007851044762141325,0.002642086572060057
192,2022-01-09 01:00,-0.0038012656598006996,0.002643658151663844
193,2022-01-09 02:00,0.00024484695334987247,0.002643173302192273
194,2022-01-09 03:00,0.004296075030956991,0.002640750861427556
195,2022-01-09 04:00,0.00836002742835943,0.0026366304134870238
196,2022-01-09 05:00,0.012442333106925534,0.0026311587667321246
197,2022-01-09 06:00,0.01654596047081648,0.0026247699262370834
198,2022-01-09 07:00,0.020670724982316813,0.002617959294206737
199,2022-01-09 08:00,0.024813051019580222,0.0026112532198453533
200,2022-01-09 09:00,0.028966048191210344,0.0026051754688424943
201,2022-01-09 10:00,0.033119941856748,0.002600212639755623
202,2022-01-09 11:00,0.037262860363943405,0.002596780934940041
203,2022-01-09 12:00,0.04138193076139388,0.0025951968926957968
204,2022-01-09 13:00,0.045464579852781,0.002595654607422554
205,2022-01-09 14:00,0.0494998922423963,0.0025982115495033304
206,2022-01-09 15:00,0.05347985539713753,0.002602784360538996
207,2022-01-09 16:00,0.057400332178211874,0.0026091550369977613
208,2022-01-09 17:00,0.06126164278963517,0.002616986883101067
209,2022-01-09 18:00,0.06506869996207888,0.002625848688334256
210,2022-01-09 19:00,0.06883070709395489,0.0026352449121356996
211,2022-01-09 20:00,0.07256048316898392,0.0026446493151840644
212,2022-01-09 21:00,0.0762735105831335,0.002653539460183531
213,2022-01-09 22:00,0.07998681063867231,0.002661429747247001
214,2022-01-09 23:00,0.0837177413680878,0.002667901048769229
215,2022-01-10 00:00,0.0874827921870271,0.0026726254647447376
216,2022-01-10 01:00,0.09129642857337518,0.0026753851540859182
217,2022-01-10 02:00,0.09517002440712878,0.0026760845668537185
218,2022-01-10 03:00,0.09911091357750691,0.002674755696106322
219,2022-01-10 04:00,0.1031215966796237,0.002671556201695188
220,2022-01-10 05:00,0.10719915097049375,0.0026667604641192693
221,2022-01-10 06:00,0.11133490774240387,0.002660743842772229
222,2022-01-10 07:00,0.11551447428890826,0.0026539606755865324
223,2022-01-10 08:00,0.1197181796731358,0.0026469168897326396
224,2022-01-10 09:00,0.12392200650314454,0.002640138497464067
225,2022-01-10 10:00,0.12809902924620706,0.0026341376989684386
226,2022-01-10 11:00,0.13222131323962955,0.0026293787427744317
227,2022-01-10 12:00,0.13626214586969065,0.0026262460126856148
228,2022-01-10 13:00,0.14019838973682516,0.002625016916085301
229,2022-01-10 14:00,0.14401269000216904,0.002625841957551881
230,2022-01-10 15:00,0.14769525579985263,0.0026287338604983196
231,2022-01-10 16:00,0.15124497928446132,0.0026335667885268887
232,2022-01-10 17:00,0.15466974950191215,0.0026400857326845267
233,2022-01-10 18:00,0.15798593949629905,0.002647925134615624
234,2022-01-10 19:00,0.1612171630167894,0.0026566349755241642
235,2022-01-10 20:00,0.16439248384018487,0.0026657119998741013
236,2022-01-10 21:00,0.16754430040744883,0.0026746335109813146
237,2022-01-10 22:00,0.1707061213378474,0.0026828912477894857
238,2022-01-10 23:00,0.17391040630334653,0.0026900231487487617
239,2022-01-11 00:00,0.1771865904613261,0.0026956412285041734
240,2022-01-11 01:00,0.18055935690382607,0.002699454242758265
241,2022-01-11 02:00,0.18404718279157092,0.0027012842300335026
242,2022-01-11 03:00,0.18766116673409292,0.0027010763637792096
243,2022-01-11 04:00,0.19140414740762213,0.002698901822163298
244,2022-01-11 05:00,0.19527014180896635,0.002694953607096956
245,2022-01-11 06:00,0.19924415835213982,0.002689535451687445
246,2022-01-11 07:00,0.2033024654146136,0.002683044183635231
247,2022-01-11 08:00,0.20741340868480257,0.0026759461922672765
248,2022-01-11 09:00,0.21153885937352312,0.002668748995294445
249,2022-01-11 10:00,0.21563633110184857,0.002661969310359377
250,2022-01-11 11:00,0.21966172336342238,0.0026560994677933894
251,2022-01-11 12:00,0.22357254149492709,0.0026515743847727122
252,2022-01-11 13:00,0.2273313271272457,0.0026487415646534213
253,2022-01-11 14:00,0.23090893932285045,0.0026478365940650083
254,2022-01-11 15:00,0.23428728729378928,0.002648966317503887
255,2022-01-11 16:00,0.2374611529432458,0.0026521012648446597
256,2022-01-11 17:00,0.2404388565811946,0.0026570780544825697
257,2022-01-11 18:00,0.24324168822770148,0.0026636115222343536
258,2022-01-11 19:00,0.24590220804317828,0.002671315395552346
259,2022-01-11 20:00,0.24846166771490366,0.002679729594227859
260,2022-01-11 21:00,0.2509668882895673,0.0026883517904583883
261,2022-01-11 22:00,0.25346693977611434,0.002696670728443093
262,2022-01-11 23:00,0.2560099166756347,0.0027041989446806225
263,2022-01-12 00:00,0.2586400177669621,0.0027105028601629787
264,2022-01-12 01:00,0.26139504674984015,0.002715228637876978
265,2022-01-12 02:00,0.26430437536050655,0.0027181226304645507
266,2022-01-12 03:00,0.2673873648670547,0.0027190456294053688
267,2022-01-12 04:00,0.2706522282425702,0.0027179804455507617
268,2022-01-12 05:00,0.2740953290641726,0.002715032606763252
269,2022-01-12 06:00,0.27770094492718045,0.0027104241748335017
270,2022-01-12 07:00,0.28144156052746344,0.0027044808944538153
271,2022-01-12 08:00,0.2852787845326893,0.0026976131257186
272,2022-01-12 09:00,0.28916499032751053,0.0026902913042740955
273,2022-01-12 10:00,0.2930457506635273,0.0026830170287267673
274,2022-01-12 11:00,0.29686306238594573,0.0026762912772518477
275,2022-01-12 12:00,0.30055924200719525,0.00267058165865522
276,2022-01-12 13:00,0.30408123241967594,0.0026662909336310435
277,2022-01-12 14:00,0.3073849266524482,0.002663729209588717
278,2022-01-12 15:00,0.31043902631524034,0.00266309213366236
279,2022-01-12 16:00,0.31322794665318504,0.0026644470346303185
280,2022-01-12 17:00,0.31575337447948176,0.0026677283064395524
281,2022-01-12 18:00,0.3180342675091386,0.002672742463220193
282,2022-01-12 19:00,0.32010531247124974,0.0026791823619250663
283,2022-01-12 20:00,0.3220140777947836,0.002686649237601535
284,2022-01-12 21:00,0.3238172525418693,0.0026946805587139623
285,2022-01-12 22:00,0.3255764273639732,0.002702781360666936
286,2022-01-12 23:00,0.3273538463068855,0.0027104566608664536
287,2022-01-13 00:00,0.32920846560204375,0.002717242746146703
288,2022-01-13 01:00,0.33119253401387794,0.0027227354681300994
289,2022-01-13 02:00,0.3333487937315059,0.002726614094291735
290,2022-01-13 03:00,0.33570831519557937,0.002728659670134831
291,2022-01-13 04:00,0.3382889343267819,0.0027287672060683898
292,2022-01-13 05:00,0.3410942552456385,0.0027269512975335074
293,2022-01-13 06:00,0.3441132069019348,0.0027233450270392067
294,2022-01-13 07:00,0.3473201844515734,0.0027181922074475126
295,2022-01-13 08:00,0.3506758497271354,0.002711833238988528
296,2022-01-13 09:00,0.35412869267288705,0.002704685098516213
297,2022-01-13 10:00,0.3576174505986982,0.00269721627897582
298,2022-01-13 11:00,0.36107443142634726,0.002689917852315902
299,2022-01-13 12:00,0.3644296856177533,0.0026832722175052864
300,2022-01-13 13:00,0.3676158273866818,0.0026777214661893234
301,2022-01-13 14:00,0.37057314417555326,0.0026736375770502543
302,2022-01-13 15:00,0.3732544945071976,0.002671296751250734
303,2022-01-13 16:00,0.37562942434163193,0.0026708600533706197
304,2022-01-13 17:00,0.3776869670646525,0.0026723620923592905
305,2022-01-13 18:00,0.37943674157651586,0.0026757087918759586
306,2022-01-13 19:00,0.3809082005457725,0.002680684448214569
307,2022-01-13 20:00,0.38214815072968444,0.002686967390243621
308,2022-01-13 21:00,0.383216902527739,0.00269415278196683
309,2022-01-13 22:00,0.3841835530518683,0.0027017805574220473
310,2022-01-13 23:00,0.38512094311541945,0.002709366205917687
311,2022-01-14 00:00,0.38610076506459245,0.0027164321257374005
312,2022-01-14 01:00,0.38718917111348444,0.002722537479081767
313,2022-01-14 02:00,0.3884430847980085,0.0027273048274988
314,2022-01-14 03:00,0.38990728889763343,0.0027304422234516647
315,2022-01-14 04:00,0.39161227489488243,0.0027317598163272092
316,2022-01-14 05:00,0.39357279926090155,0.0027311803645243206
317,2022-01-14 06:00,0.39578709589553995,0.002728743319680511
318,2022-01-14 07:00,0.39823672932814397,0.0027246023767341578
319,2022-01-14 08:00,0.4008871231139122,0.0027190165895650746
320,2022-01-14 09:00,0.4036888436526048,0.0027123353666597193
321,2022-01-14 10:00,0.4065797424934711,0.0027049779117139443
322,2022-01-14 11:00,0.4094880427735123,0.0026974079764068124
323,2022-01-14 12:00,0.41233638567645226,0.002690105144057415
324,2022-01-14 13:00,0.41504672893693356,0.002683534236286947
325,2022-01-14 14:00,0.417545825488765,0.002678114776578946
326,2022-01-14 15:00,0.41977083868524057,0.0026741926807083327
327,2022-01-14 16:00,0.4216745178001879,0.0026720163948305542
328,2022-01-14 17:00,0.423229312505166,0.0026717195053665246
329,2022-01-14 18:00,0.4244298803916455,0.0026733113801809777
330,2022-01-14 19:00,0.4252936373715499,0.0026766767052750916
331,2022-01-14 20:00,0.42585927842087373,0.002681583949683422
332,2022-01-14 21:00,0.4261834889227432,0.0026877019540451318
333,2022-01-14 22:00,0.4263363031392398,0.0026946231277522755
334,2022-01-14 23:00,0.4263956950023517,0.0027018912544860348
335,2022-01-15 00:00,0.4264419925554066,0.0027090316892812195
336,2022-01-15 01:00,0.42655261207069245,0.002715581766140316
337,2022-01-15 02:00,0.42679745472617375,0.0027211194640286945
338,2022-01-15 03:00,0.4272351457714328,0.0027252887214798136
339,2022-01-15 04:00,0.42791016125532716,0.0027278201700934477
340,2022-01-15 05:00,0.4288508015378252,0.0027285464188374366
341,2022-01-15 06:00,0.43006793830237794,0.002727411333816917
342,2022-01-15 07:00,0.4315544746192741,0.002724473016705404
343,2022-01-15 08:00,0.43328550049621556,0.0027199004029488014
344,2022-01-15 09:00,0.43521918047005376,0.0027139636033088254
345,2022-01-15 10:00,0.43729845505275233,0.0027070183280731397
346,2022-01-15 11:00,0.4394536545053935,0.002699484986982108
347,2022-01-15 12:00,0.44160609441494536,0.002691823362406444
348,2022-01-15 13:00,0.44367263746753594,0.0026845041023661744
349,2022-01-15 14:00,0.4455710664049745,0.0026779786431122598
350,2022-01-15 15:00,0.4472259384444157,0.002672649492826644
351,2022-01-15 16:00,0.44857441913972995,0.0026688430150524313
352,2022-01-15 17:00,0.44957147413600873,0.0026667868670417288
353,2022-01-15 18:00,0.45019377910513686,0.0026665940188986188
354,2022-01-15 19:00,0.450441818899156,0.002668254791970372
355,2022-01-15 20:00,0.45033987753710614,0.0026716376538716267
356,2022-01-15 21:00,0.4499339227011541,0.0026764986904001934
357,2022-01-15 22:00,0.44928768855575135,0.0026824988698063213
358,2022-01-15 23:00,0.44847748640265617,0.0026892275476118038
359,2022-01-16 00:00,0.4475863777527231,0.002696230219705035
360,2022-01-16 01:00,0.4466983220853583,0.0027030383517486867
361,2022-01-16 02:00,0.4458927908652549,0.0027091991725839864
362,2022-01-16 03:00,0.44524016904599717,0.0027143035571042234
363,2022-01-16 04:00,0.444798094787148,0.0027180104630209257
364,2022-01-16 05:00,0.4446087539361601,0.002720066754320982
365,2022-01-16 06:00,0.4446970659511267,0.002720321590610148
366,2022-01-16 07:00,0.4450696735200887,0.002718734859615708
367,2022-01-16 08:00,0.44571466854058095,0.0027153793771193383
368,2022-01-16 09:00,0.44660203518635005,0.0027104367895327214
369,2022-01-16 10:00,0.44768484651016466,0.002704187314556826
370,2022-01-16 11:00,0.448901293754051,0.0026969936729819718
371,2022-01-16 12:00,0.4501776376003853,0.0026892798228972383
372,2022-01-16 13:00,0.4514321318929465,0.0026815054171113357
373,2022-01-16 14:00,0.45257987455504145,0.0026741372566566413
374,2022-01-16 15:00,0.45353839254747,0.0026676193746538747
375,2022-01-16 16:00,0.4542335907178766,0.0026623436979545854
376,2022-01-16 17:00,0.4546055294163559,0.002658623424549734
377,2022-01-16 18:00,0.4546133943691504,0.0026566712484114383
378,2022-01-16 19:00,0.4542390306907073,0.00265658430862653
379,2022-01-16 20:00,0.45348855243706837,0.002658337229851337
380,2022-01-16 21:00,0.4523917924584295,0.002661783906588905
381,2022-01-16 22:00,0.4509996690005311,0.0026666678662420865
382,2022-01-16 23:00,0.44937983916989116,0.0026726402543412243
383,2022-01-17 00:00,0.4476112149656855,0.002679283841889937
384,2022-01-17 01:00,0.44577799560608233,0.002686141042935769
385,2022-01-17 02:00,0.443963821534469,0.002692743777903051
386,2022-01-17 03:00,0.44224651595047126,0.002698643098342298
387,2022-01-17 04:00,0.44069370034055527,0.0027034367382014935
388,2022-01-17 05:00,0.4393594000982832,0.0027067930982167393
389,2022-01-17 06:00,0.4382816284549523,0.0027084705342776236
390,2022-01-17 07:00,0.43748086608323444,0.002708331158919752
391,2022-01-17 08:00,0.43695933801487385,0.0027063486540949487
392,2022-01-17 09:00,0.43670101624261154,0.002702609832722881
393,2022-01-17 10:00,0.4366723273104609,0.002697309892954841
394,2022-01-17 11:00,0.43682359903918805,0.0026907415089010966
395,2022-01-17 12:00,0.43709131893761616,0.002683278123175458
396,2022-01-17 13:00,0.43740128008490375,0.0026753520727273617
397,2022-01-17 14:00,0.437672643867724,0.002667428499407902
398,2022-01-17 15:00,0.43782284704246044,0.0026599763594225686
399,2022-01-17 16:00,0.43777313120871836,0.002653438214755628
400,2022-01-17 17:00,0.43745430180548295,0.0026482008035883333
401,2022-01-17 18:00,0.4368121738238797,0.0026445685683341483
402,2022-01-17 19:00,0.43581208296314594,0.0026427422937029183
403,2022-01-17 20:00,0.43444187551495517,0.0026428047234986363
404,2022-01-17 21:00,0.4327129519830299,0.002644714482124362
405,2022-01-17 22:00,0.4306592035824773,0.002648308882512474
406,2022-01-17 23:00,0.4283339873036571,0.0026533153651729104
407,2022-01-18 00:00,0.4258055584697421,0.0026593705167642983
408,2022-01-18 01:00,0.42315155543778593,0.0026660449835867964
409,2022-01-18 02:00,0.42045317836165275,0.00267287220557991
410,2022-01-18 03:00,0.41778963186577656,0.002679378770991415
411,2022-01-18 04:00,0.41523324960544783,0.002685114298405623
412,2022-01-18 05:00,0.41284553875674584,0.002689679022314106
413,2022-01-18 06:00,0.41067422014734334,0.002692747612074725
414,2022-01-18 07:00,0.4087512241689242,0.0026940881224740572
415,2022-01-18 08:00,0.4070915440953143,0.002693575310613174
416,2022-01-18 09:00,0.4056928421460858,0.002691197837918938
417,2022-01-18 10:00,0.4045357354243858,0.0026870591103208726
418,2022-01-18 11:00,0.4035847402067578,0.002681371713284192
419,2022-01-18 12:00,0.4027899043003149,0.002674445599751043
420,2022-01-18 13:00,0.40208918922801257,0.002666670417642814
421,2022-01-18 14:00,0.4014116599767909,0.0026584926422562583
422,2022-01-18 15:00,0.40068148791575436,0.0026503885157025484
423,2022-01-18 16:00,0.39982266929069454,0.002642834176328244
424,2022-01-18 17:00,0.3987642183106792,0.002636274744616626
425,2022-01-18 18:00,0.3974454379580004,0.0026310944514020096
426,2022-01-18 19:00,0.39582074536894674,0.002627590066681871
427,2022-01-18 20:00,0.39386347845192654,0.002625949834635733
428,2022-01-18 21:00,0.3915681707889337,0.0026262397945670786
429,2022-01-18 22:00,0.3889509584756997,0.002628398773650066
430,2022-01-18 23:00,0.3860480440512428,0.002632242543703165
431,2022-01-19 00:00,0.38291242751487076,0.0026374767607147327
432,2022-01-19 01:00,0.3796093517773444,0.0026437174941308316
433,2022-01-19 02:00,0.37621104514818354,0.0026505175278000157
434,2022-01-19 03:00,0.37279135642686434,0.002657396251285877
435,2022-01-19 04:00,0.36942078548518176,0.0026638708726933785
436,2022-01-19 05:00,0.3661622560548805,0.002669486828920999
437,2022-01-19 06:00,0.3630678066615882,0.0026738455710057394
438,2022-01-19 07:00,0.36017623041216773,0.0026766282772657892
439,2022-01-19 08:00,0.3575115975725604,0.0026776144257229014
440,2022-01-19 09:00,0.35508255203105443,0.002676694495357267
441,2022-01-19 10:00,0.3528822762632685,0.002673876346290442
442,2022-01-19 11:00,0.35088905439246315,0.002669285058593804
443,2022-01-19 12:00,0.3490674115954525,0.0026631562110145373
444,2022-01-19 13:00,0.3473698524793967,0.002655822785605326
445,2022-01-19 14:00,0.3457392444517232,0.0026476961232349884
446,2022-01-19 15:00,0.34411188055420555,0.002639241651183457
447,2022-01-19 16:00,0.3424212010510154,0.00263095046350396
448,2022-01-19 17:00,0.34060205459792764,0.0026233082389443374
449,2022-01-19 18:00,0.33859525144699626,0.0026167633819591447
450,2022-01-19 19:00,0.33635203081864684,0.0026116965947019363
451,2022-01-19 20:00,0.33383797118859027,0.002608394242307037
452,2022-01-19 21:00,0.33103585510212197,0.0026070277790695264
453,2022-01-19 22:00,0.32794708383512583,0.0026076411149392608
454,2022-01-19 23:00,0.32459141804415037,0.0026101471360382516
455,2022-01-20 00:00,0.32100506233079396,0.0026143337332745157
456,2022-01-20 01:00,0.31723735551152343,0.002619878774809507
457,2022-01-20 02:00,0.3133465134522169,0.002626372632767002
458,2022-01-20 03:00,0.30939495683756785,0.002633346267399991
459,2022-01-20 04:00,0.30544473408671985,0.0026403025520406044
460,2022-01-20 05:00,0.3015534431567038,0.0026467484888004367
461,2022-01-20 06:00,0.29777090640181464,0.002652226163356037
462,2022-01-20 07:00,0.2941367028002215,0.002656340631170412
463,2022-01-20 08:00,0.29067854328066667,0.0026587833294378703
464,2022-01-20 09:00,0.2874114028410425,0.0026593499995917883
465,2022-01-20 10:00,0.28433729802974467,0.0026579524438109336
466,2022-01-20 11:00,0.2814456105204527,0.0026546237140060444
467,2022-01-20 12:00,0.27871389241723904,0.0026495165553243813
468,2022-01-20 13:00,0.2761091308204733,0.0026428951256983442
469,2022-01-20 14:00,0.27358948309948905,0.002635120222823448
470,2022-01-20 15:00,0.27110650718252527,0.0026266285028435626
471,2022-01-20 16:00,0.2686078930710815,0.002617906493188142
472,2022-01-20 17:00,0.266040648157875,0.0026094605879559644
473,2022-01-20 18:00,0.26335460356670487,0.002601784642822784
474,2022-01-20 19:00,0.26050600644437677,0.0025953272006174395
475,2022-01-20 20:00,0.2574608697372106,0.002590460693800128
476,2022-01-20 21:00,0.2541976986013935,0.00258745508948517
477,2022-01-20 22:00,0.25070922967514636,0.002586458284414666
478,2022-01-20 23:00,0.24700291842428362,0.002587485085078045
479,2022-01-21 00:00,0.24310007809734696,0.002590415854198155
480,2022-01-21 01:00,0.239033774287331,0.002595004972821346
481,2022-01-21 02:00,0.2348457613527014,0.0026008983100146523
482,2022-01-21 03:00,0.23058286587841448,0.002607658068941436
483,2022-01-21 04:00,0.2262932540847862,0.0026147928120420776
484,2022-01-21 05:00,0.22202296873243793,0.002621790213020987
485,2022-01-21 06:00,0.2178130130275585,0.002628150123012766
486,2022-01-21 07:00,0.21369713047540534,0.0026334158009193036
487,2022-01-21 08:00,0.20970031312950718,0.0026372015481533635
488,2022-01-21 09:00,0.205837986945417,0.0026392154151474714
489,2022-01-21 10:00,0.20211577893111754,0.0026392760446821116
490,2022-01-21 11:00,0.19852976251328655,0.002637323050798733
491,2022-01-21 12:00,0.19506709465982236,0.002633420597378829
492,2022-01-21 13:00,0.19170698821364096,0.0026277540557304987
493,2022-01-21 14:00,0.18842199334078255,0.0026206198181022294
494,2022-01-21 15:00,0.1851795823593054,0.002612408561225998
495,2022-01-21 16:00,0.18194403426477965,0.002603582524014958
496,2022-01-21 17:00,0.178678594078383,0.002594647706343677
497,2022-01-21 18:00,0.17534783765153036,0.002586122308444339
498,2022-01-21 19:00,0.17192011133029508,0.0025785031789091755
499,2022-01-21 20:00,0.1683698520251299,0.0025722324559432986
500,2022-01-21 21:00,0.16467954689049524,0.0025676668768157894
501,2022-01-21 22:00,0.16084108415540765,0.0025650522928603037
502,2022-01-21 23:00,0.15685629200741819,0.002564505683678438
503,2022-01-22 00:00,0.15273656054490573,0.002566006392046752
504,2022-01-22 01:00,0.14850157448547685,0.0025693974543028702
505,2022-01-22 02:00,0.1441773195560713,0.0025743969062374653
506,2022-01-22 03:00,0.1397936285655156,0.00258061796971473
507,2022-01-22 04:00,0.1353815794331343,0.002587596233443798
508,2022-01-22 05:00,0.13097104096557025,0.0025948214434403107
509,2022-01-22 06:00,0.1265885957053588,0.0026017713507061877
510,2022-01-22 07:00,0.12225597706013795,0.0026079451873829078
511,2022-01-22 08:00,0.11798906592763334,0.0026128946712659466
512,2022-01-22 09:00,0.11379741922770138,0.0026162508693578063
513,2022-01-22 10:00,0.1096842580272879,0.0026177456942849363
514,2022-01-22 11:00,0.10564682584875429,0.0026172272026468713
515,2022-01-22 12:00,0.10167703173564341,0.0026146681857001416
516,2022-01-22 13:00,0.09776230865562882,0.002610167793800576
517,2022-01-22 14:00,0.0938866369095593,0.0026039461416797662
518,2022-01-22 15:00,0.0900316970613584,0.002596332038392407
519,2022-01-22 16:00,0.0861781224199531,0.0025877442126360233
520,2022-01-22 17:00,0.08230681480986934,0.0025786666931885034
521,2022-01-22 18:00,0.07840026978099557,0.0025696193711074364
522,2022-01-22 19:00,0.07444383253010572,0.00256112520446661
523,2022-01-22 20:00,0.07042678118148489,0.002553675983656109
524,2022-01-22 21:00,0.06634311982587854,0.0025476989770726616
525,2022-01-22 22:00,0.06219196998952889,0.0025435270211322174
526,2022-01-22 23:00,0.05797748233421383,0.002541374602838548
527,2022-01-23 00:00,0.05370824905744972,0.0025413221393827735
528,2022-01-23 01:00,0.0493962710769606,0.0025433099848350764
529,2022-01-23 02:00,0.04505560498388251,0.00254714276745658
530,2022-01-23 03:00,0.04070086411413367,0.0025525036299019256
531,2022-01-23 04:00,0.036345763091833544,0.0025589769865417365
532,2022-01-23 05:00,0.03200187382474228,0.002566077683903786
533,2022-01-23 06:00,0.02767771207134645,0.002573284045189093
534,2022-01-23 07:00,0.02337821276356701,0.0025800722099091704
535,2022-01-23 08:00,0.019104594968026124,0.0025859493864436984
536,2022-01-23 09:00,0.014854574650853164,0.0025904840197310728
537,2022-01-23 10:00,0.01062285940762033,0.002593331333342108
538,2022-01-23 11:00,0.006401852124477866,0.0025942531501646844
539,2022-01-23 12:00,0.0021824946292273145,0.002593131277751503
540,2022-01-23 13:00,-0.0020448088010422655,0.002589974046557277
541,2022-01-23 14:00,-0.006289240368182628,0.0025849158234648993
542,2022-01-23 15:00,-0.010558639281853006,0.002578209519431903
543,2022-01-23 16:00,-0.014858645975781052,0.002570212307916088
544,2022-01-23 17:00,-0.019191979903144616,0.002561365008673849
545,2022-01-23 18:00,-0.023557919875176202,0.0025521658985476173
546,2022-01-23 19:00,-0.02795206061022355,0.0025431400964652335
547,2022-01-23 20:00,-0.032366412869759394,0.002534806114577312
548,2022-01-23 21:00,-0.03678989157043376,0.0025276416169734647
549,2022-01-23 22:00,-0.04120919442036406,0.0025220507943765798
550,2022-01-23 23:00,-0.04561001678324652,0.0025183359419700545
551,2022-01-24 00:00,-0.04997848735337667,0.0025166757214413146
552,2022-01-24 01:00,-0.05430265946566308,0.00251711214488161
553,2022-01-24 02:00,-0.05857386997220113,0.002519547557655767
554,2022-01-24 03:00,-0.0627877907290376,0.0025237519212440054
555,2022-01-24 04:00,-0.0669450452080372,0.0025293796674497283
556,2022-01-24 05:00,-0.0710513321145982,0.0025359944901301654
557,2022-01-24 06:00,-0.07511707065379103,0.002543099802145994
558,2022-01-24 07:00,-0.07915664071298108,0.002550172283657897
559,2022-01-24 08:00,-0.08318732507250969,0.0025566959718538356
560,2022-01-24 09:00,-0.08722806827856908,0.002562194616934152
561,2022-01-24 10:00,-0.09129815402719771,0.0025662604496402386
562,2022-01-24 11:00,-0.09541587967473328,0.002568577969994591
563,2022-01-24 12:00,-0.09959728275787924,0.002568941799230544
564,2022-01-24 13:00,-0.10385495769383009,0.0025672679964889025
565,2022-01-24 14:00,-0.10819699522398152,0.0025635985213404992
566,2022-01-24 15:00,-0.11262608334576286,0.002558098740640515
567,2022-01-24 16:00,-0.11713882408223536,0.002551048067225096
568,2022-01-24 17:00,-0.12172534039477875,0.0025428240181481643
569,2022-01-24 18:00,-0.12636926435886572,0.002533880227969201
570,2022-01-24 19:00,-0.13104820208626577,0.0025247192722782177
571,2022-01-24 20:00,-0.13573475321759798,0.0025158615505050637
572,2022-01-24 21:00,-0.1403981160965174,0.002507811917151506
573,2022-01-24 22:00,-0.14500623332288334,0.0025010261744767464
574,2022-01-24 23:00,-0.14952833552538894,0.0024958798554749286
575,2022-01-25 00:00,-0.15393764401749266,0.002492641830220959
576,2022-01-25 01:00,-0.15821392278188823,0.002491455075708549
577,2022-01-25 02:00,-0.1623455527443315,0.002492326425275911
578,2022-01-25 03:00,-0.16633085000344752,0.002495126300191622
579,2022-01-25 04:00,-0.17017845805762846,0.0024995984409474257
580,2022-01-25 05:00,-0.17390678590821207,0.0025053786661159007
581,2022-01-25 06:00,-0.1775426024596753,0.002512020860976478
582,2022-01-25 07:00,-0.1811189993589883,0.0025190278589989523
583,2022-01-25 08:00,-0.18467298055601689,0.002525884673651944
584,2022-01-25 09:00,-0.18824292763247172,0.002532091636026771
585,2022-01-25 10:00,-0.19186614074462346,0.0025371953114486753
586,2022-01-25 11:00,-0.19557658816692844,0.0025408155011747546
587,2022-01-25 12:00,-0.19940293392541597,0.002542667089014885
588,2022-01-25 13:00,-0.20336686744427473,0.002542575901655723
589,2022-01-25 14:00,-0.2074817382203414,0.0025404880845492786
590,2022-01-25 15:00,-0.21175150216225944,0.0025364727522041437
591,2022-01-25 16:00,-0.21617000929803745,0.0025307178745643784
592,2022-01-25 17:00,-0.22072069651085058,0.0025235195444337382
593,2022-01-25 18:00,-0.22537678263909758,0.0025152649726512865
594,2022-01-25 19:00,-0.23010208352425407,0.0025064098107138453
595,2022-01-25 20:00,-0.23485255752690698,0.002497450723575816
596,2022-01-25 21:00,-0.23957864588071634,0.00248889452422906
597,2022-01-25 22:00,-0.24422838186498227,0.0024812256020927187
598,2022-01-25 23:00,-0.24875111495004953,0.0024748737626103133
599,2022-01-26 00:00,-0.25310155301808307,0.002470184854458877
600,2022-01-26 01:00,-0.25724370343291686,0.002467396597009135
601,2022-01-26 02:00,-0.2611542327846383,0.0024666217622177473
602,2022-01-26 03:00,-0.26482479610394866,0.002467840295035726
603,2022-01-26 04:00,-0.26826301484101556,0.0024709011315130224
604,2022-01-26 05:00,-0.27149198323677737,0.002475533518479669
605,2022-01-26 06:00,-0.2745484046235991,0.002481366715421239
606,2022-01-26 07:00,-0.2774796461924887,0.002487956221214428
607,2022-01-26 08:00,-0.2803401108613505,0.002494814218168024
608,2022-01-26 09:00,-0.2831873437753639,0.0025014417921303735
609,2022-01-26 10:00,-0.28607823252252207,0.0025073606296789606
610,2022-01-26 11:00,-0.28906555619096286,0.0025121422259746246
611,2022-01-26 12:00,-0.2921950247813882,0.0025154330609208847
612,2022-01-26 13:00,-0.29550285592275843,0.0025169746317123274
613,2022-01-26 14:00,-0.2990138766832767,0.002516617610464283
614,2022-01-26 15:00,-0.30274011872890394,0.0025143297026378308
615,2022-01-26 16:00,-0.3066798902467911,0.002510197019305537
616,2022-01-26 17:00,-0.31081734729564775,0.002504418967201496
617,2022-01-26 18:00,-0.3151226365263381,0.0024972968383883696
618,2022-01-26 19:00,-0.3195527242935061,0.0024892164814428242
619,2022-01-26 20:00,-0.3240530465097119,0.002480625687009982
620,2022-01-26 21:00,-0.32856009225515154,0.0024720072365709586
621,2022-01-26 22:00,-0.33300495978583194,0.0024638489356950634
622,2022-01-26 23:00,-0.33731779427339065,0.002456612344784042
623,2022-01-27 00:00,-0.3414328470385639,0.0024507022650708424
624,2022-01-27 01:00,-0.34529372022365773,0.0024464392487826307
625,2022-01-27 02:00,-0.3488582275076749,0.0024440373929256417
626,2022-01-27 03:00,-0.35210226031455477,0.0024435893861151996
627,2022-01-27 04:00,-0.35502213101407026,0.0024450602021554393
628,2022-01-27 05:00,-0.35763506566377706,0.0024482900346765833
629,2022-01-27 06:00,-0.35997779513346817,0.0024530061668465723
630,2022-01-27 07:00,-0.3621034752378678,0.00245884261985925
631,2022-01-27 08:00,-0.36407738336978474,0.0024653657611275657
632,2022-01-27 09:00,-0.3659719454858205,0.002472103664752762
633,2022-01-27 10:00,-0.3678616354138746,0.002478576921572486
634,2022-01-27 11:00,-0.369818184901124,0.0024843287507033164
635,2022-01-27 12:00,-0.37190639287068705,0.0024889525875031234
636,2022-01-27 13:00,-0.3741806718993392,0.002492115723388524
637,2022-01-27 14:00,-0.3766823525469011,0.0024935779744359537
638,2022-01-27 15:00,-0.37943769846817504,0.002493204708759387
639,2022-01-27 16:00,-0.3824565685659613,0.0024909738475682964
640,2022-01-27 17:00,-0.38573168763088245,0.0024869766767240957
641,2022-01-27 18:00,-0.38923853880701537,0.002481412486888952
642,2022-01-27 19:00,-0.39293595160130745,0.0024745772320783972
643,2022-01-27 20:00,-0.3967675081509278,0.002466846590730863
644,2022-01-27 21:00,-0.40066390769749594,0.0024586540557531597
645,2022-01-27 22:00,-0.40454639614238214,0.0024504649818081125
646,2022-01-27 23:00,-0.4083312721314743,0.0024427478693954522
647,2022-01-28 00:00,-0.41193532450411513,0.0024359445295871157
648,2022-01-28 01:00,-0.4152818589057019,0.0024304410879455577
649,2022-01-28 02:00,-0.41830677627392615,0.0024265419710511205
650,2022-01-28 03:00,-0.4209640299099225,0.002424448994964779
651,2022-01-28 04:00,-0.42322976572109366,0.0024242473899164056
652,2022-01-28 05:00,-0.4251045722650471,0.002425900046913773
653,2022-01-28 06:00,-0.4266135211279944,0.002429250520607477
654,2022-01-28 07:00,-0.4278040074989092,0.0024340344820824554
655,2022-01-28 08:00,-0.4287417224820813,0.00243989852422158
656,2022-01-28 09:00,-0.4295053234690778,0.0024464246063372573
657,2022-01-28 10:00,-0.43018046948258754,0.0024531580627777045
658,2022-01-28 11:00,-0.430853852232997,0.002459637009027984
659,2022-01-28 12:00,-0.4316077163560108,0.0024654211189636065
660,2022-01-28 13:00,-0.4325151785828559,0.002470118043956655
661,2022-01-28 14:00,-0.43363647817290024,0.002473406115260946
662,2022-01-28 15:00,-0.43501615665991167,0.002475052344899763
663,2022-01-28 16:00,-0.43668109042131936,0.002474925071263645
664,2022-01-28 17:00,-0.43863928400876717,0.002473000864808972
665,2022-01-28 18:00,-0.44087936337071043,0.002469365520866566
666,2022-01-28 19:00,-0.44337076780131945,0.002464209140756627
667,2022-01-28 20:00,-0.4460647067641389,0.0024578154678284677
668,2022-01-28 21:00,-0.44889600070543817,0.0024505458314498987
669,2022-01-28 22:00,-0.45178594178654713,0.0024428182833262316
670,2022-01-28 23:00,-0.45464627199363944,0.002435082797771616
671,2022-01-29 00:00,-0.45738427072487914,0.0024277937419490774
672,2022-01-29 01:00,-0.4599087745498822,0.0024213811706252225
673,2022-01-29 02:00,-0.4621367428222574,0.0024162228017679567
674,2022-01-29 03:00,-0.4639997783949486,0.0024126187203361267
675,2022-01-29 04:00,-0.4654498785120985,0.0024107708404737405
676,2022-01-29 05:00,-0.46646367845433573,0.002410768909213445
677,2022-01-29 06:00,-0.4670445944646316,0.0024125843282334883
678,2022-01-29 07:00,-0.4672225545324866,0.0024160723690863895
679,2022-01-29 08:00,-0.4670513637207224,0.0024209825617327934
680,2022-01-29 09:00,-0.4666040948282416,0.002426976276126918
681,2022-01-29 10:00,-0.465967140904733,0.002433649911945491
682,2022-01-29 11:00,-0.4652336645146656,0.0024405617411055423
683,2022-01-29 12:00,-0.4644971291948217,0.002447260332950371
684,2022-01-29 13:00,-0.46384544157121554,0.00245331260069505
685,2022-01-29 14:00,-0.4633560280532162,0.0024583297727337654
686,2022-01-29 15:00,-0.46309197491936716,0.002461989935787531
687,2022-01-29 16:00,-0.46309921412935984,0.0024640561505591464
688,2022-01-29 17:00,-0.463404656296773,0.002464389458665446
689,2022-01-29 18:00,-0.4640151551551629,0.0024629563615859327
690,2022-01-29 19:00,-0.46491722064375623,0.002459830559945672
691,2022-01-29 20:00,-0.46607746048137044,0.002455188912509791
692,2022-01-29 21:00,-0.4674438005611554,0.0024493017355224386
693,2022-01-29 22:00,-0.46894758993427305,0.0024425177433746712
694,2022-01-29 23:00,-0.4705067145085888,0.002435244155088347
695,2022-01-30 00:00,-0.47202980589271026,0.0024279227702234487
696,2022-01-30 01:00,-0.473421526882992,0.0024210031465314768
697,2022-01-30 02:00,-0.4745887463009495,0.0024149143603128215
698,2022-01-30 03:00,-0.47544720749034575,0.0024100371446789913
699,2022-01-30 04:00,-0.47592809343433573,0.0024066784083887675
700,2022-01-30 05:00,-0.47598375842607327,0.0024050501634704743
701,2022-01-30 06:00,-0.4755918890616774,0.002405254678139696
702,2022-01-30 07:00,-0.4747575059547791,0.0024072772098377637
703,2022-01-30 08:00,-0.4735125058978122,0.0024109870049847963
704,2022-01-30 09:00,-0.47191280863000395,0.0024161464732139876
705,2022-01-30 10:00,-0.47003352159745937,0.002422427680178601
706,2022-01-30 11:00,-0.46796278418477716,0.002429434676126515
707,2022-01-30 12:00,-0.46579504989820886,0.0024367297722384406
708,2022-01-30 13:00,-0.46362451043165287,0.002443861723057531
709,2022-01-30 14:00,-0.4615392008691607,0.002450393846745127
710,2022-01-30 15:00,-0.45961611218421944,0.0024559303531898453
711,2022-01-30 16:00,-0.4579174343511665,0.0024601394769761292
712,2022-01-30 17:00,-0.456487901020307,0.002462772358683192
713,2022-01-30 18:00,-0.4553531219967944,0.0024636769353172873
714,2022-01-30 19:00,-0.45451877050328066,0.0024628063651511833
715,2022-01-30 20:00,-0.4539705237954438,0.0024602217229165828
716,2022-01-30 21:00,-0.4536747176002971,0.0024560888742647968
717,2022-01-30 22:00,-0.4535797446316153,0.002450669599787968
718,2022-01-30 23:00,-0.45361828269210974,0.002444307218099564
719,2022-01-31 00:00,-0.4537104573638243,0.0024374071801779034
720,2022-01-31 01:00,-0.4537680101157745,0.002430413388318062
721,2022-01-31 02:00,-0.4536994445454872,0.002423781329544729
722,2022-01-31 03:00,-0.45341596502907205,0.002417949478110911
723,2022-01-31 04:00,-0.45283782661759925,0.0024133107617095003
724,2022-01-31 05:00,-0.45190052706957357,0.0024101861275020323
725,2022-01-31 06:00,-0.45056014966981456,0.0024088023074312864
726,2022-01-31 07:00,-0.4487971635106932,0.002409275704876839
727,2022-01-31 08:00,-0.44661813437048564,0.0024116038853822046
728,2022-01-31 09:00,-0.44405507831630225,0.002415665489695937
729,2022-01-31 10:00,-0.44116254035470087,0.002421228591121971
730,2022-01-31 11:00,-0.4380128139259838,0.002427966720124151
731,2022-01-31 12:00,-0.43468995127690285,0.0024354811066186577
732,2022-01-31 13:00,-0.43128330212149785,0.002443327239208817
733,2022-01-31 14:00,-0.42788125890119066,0.0024510436492175543
734,2022-01-31 15:00,-0.4245657222939254,0.002458180876340526
735,2022-01-31 16:00,-0.42140759072334083,0.0024643288007620764
736,2022-01-31 17:00,-0.4184633794392016,0.002469140854801411
737,2022-01-31 18:00,-0.4157729268755967,0.0024723539821679933
738,2022-01-31 19:00,-0.41335806435787015,0.0024738035416448224
739,2022-01-31 20:00,-0.41122210682518007,0.0024734326274269166
740,2022-01-31 21:00,-0.4093500522304117,0.002471295497658025
741,2022-01-31 22:00,-0.40770943546265426,0.00246755498163737
742,2022-01-31 23:00,-0.4062518475148188,0.0024624739018556754
743,2022-02-01 00:00,-0.40491518132853876,0.0024564007306831395
